-- phpMyAdmin SQL Dump
-- version 5.1.1
-- https://www.phpmyadmin.net/
--
-- Host: db
-- Generation Time: Aug 23, 2021 at 12:30 PM
-- Server version: 10.6.3-MariaDB-1:10.6.3+maria~focal
-- PHP Version: 7.4.22

SET SQL_MODE = "NO_AUTO_VALUE_ON_ZERO";
START TRANSACTION;
SET time_zone = "+00:00";


/*!40101 SET @OLD_CHARACTER_SET_CLIENT=@@CHARACTER_SET_CLIENT */;
/*!40101 SET @OLD_CHARACTER_SET_RESULTS=@@CHARACTER_SET_RESULTS */;
/*!40101 SET @OLD_COLLATION_CONNECTION=@@COLLATION_CONNECTION */;
/*!40101 SET NAMES utf8mb4 */;

--
-- Database: `mjengosmart_dev`
--

-- --------------------------------------------------------

--
-- Table structure for table `constituencies`
--

CREATE TABLE `constituencies` (
  `id` bigint(20) UNSIGNED NOT NULL,
  `county_id` bigint(20) UNSIGNED NOT NULL,
  `name` varchar(255) COLLATE utf8mb4_unicode_ci NOT NULL,
  `created_at` timestamp NULL DEFAULT NULL,
  `updated_at` timestamp NULL DEFAULT NULL
) ENGINE=InnoDB DEFAULT CHARSET=utf8mb4 COLLATE=utf8mb4_unicode_ci;

--
-- Dumping data for table `constituencies`
--

INSERT INTO `constituencies` (`id`, `county_id`, `name`, `created_at`, `updated_at`) VALUES
(1, 1, 'Changamwe', '2021-08-23 12:24:18', '2021-08-23 12:24:18'),
(2, 1, 'Jomvu', '2021-08-23 12:24:18', '2021-08-23 12:24:18'),
(3, 1, 'Kisauni', '2021-08-23 12:24:18', '2021-08-23 12:24:18'),
(4, 1, 'Nyali', '2021-08-23 12:24:18', '2021-08-23 12:24:18'),
(5, 1, 'Likoni', '2021-08-23 12:24:18', '2021-08-23 12:24:18'),
(6, 1, 'Mvita', '2021-08-23 12:24:18', '2021-08-23 12:24:18'),
(7, 2, 'Msambweni', '2021-08-23 12:24:18', '2021-08-23 12:24:18'),
(8, 2, 'Lungalunga', '2021-08-23 12:24:18', '2021-08-23 12:24:18'),
(9, 2, 'Matuga', '2021-08-23 12:24:18', '2021-08-23 12:24:18'),
(10, 2, 'Kinango', '2021-08-23 12:24:18', '2021-08-23 12:24:18'),
(11, 3, 'Kilifi North', '2021-08-23 12:24:18', '2021-08-23 12:24:18'),
(12, 3, 'Kilifi South', '2021-08-23 12:24:18', '2021-08-23 12:24:18'),
(13, 3, 'Kaloleni', '2021-08-23 12:24:18', '2021-08-23 12:24:18'),
(14, 3, 'Rabai', '2021-08-23 12:24:18', '2021-08-23 12:24:18'),
(15, 3, 'Ganze', '2021-08-23 12:24:18', '2021-08-23 12:24:18'),
(16, 3, 'Malindi', '2021-08-23 12:24:18', '2021-08-23 12:24:18'),
(17, 3, 'Magarini', '2021-08-23 12:24:18', '2021-08-23 12:24:18'),
(18, 4, 'Garsen', '2021-08-23 12:24:18', '2021-08-23 12:24:18'),
(19, 4, 'Galole', '2021-08-23 12:24:18', '2021-08-23 12:24:18'),
(20, 4, 'Bura', '2021-08-23 12:24:18', '2021-08-23 12:24:18'),
(21, 5, 'Lamu East', '2021-08-23 12:24:18', '2021-08-23 12:24:18'),
(22, 5, 'Lamu West', '2021-08-23 12:24:18', '2021-08-23 12:24:18'),
(23, 6, 'Taveta', '2021-08-23 12:24:18', '2021-08-23 12:24:18'),
(24, 6, 'Wundanyi', '2021-08-23 12:24:18', '2021-08-23 12:24:18'),
(25, 6, 'Mwatate', '2021-08-23 12:24:18', '2021-08-23 12:24:18'),
(26, 6, 'Voi', '2021-08-23 12:24:18', '2021-08-23 12:24:18'),
(27, 7, 'Garissa Township', '2021-08-23 12:24:18', '2021-08-23 12:24:18'),
(28, 7, 'Balambala', '2021-08-23 12:24:18', '2021-08-23 12:24:18'),
(29, 7, 'Lagdera', '2021-08-23 12:24:18', '2021-08-23 12:24:18'),
(30, 7, 'Dadaab', '2021-08-23 12:24:18', '2021-08-23 12:24:18'),
(31, 7, 'Fafi', '2021-08-23 12:24:18', '2021-08-23 12:24:18'),
(32, 7, 'Ijara', '2021-08-23 12:24:18', '2021-08-23 12:24:18'),
(33, 8, 'Wajir North', '2021-08-23 12:24:18', '2021-08-23 12:24:18'),
(34, 8, 'Wajir East', '2021-08-23 12:24:18', '2021-08-23 12:24:18'),
(35, 8, 'Tarbaj', '2021-08-23 12:24:18', '2021-08-23 12:24:18'),
(36, 8, 'Wajir West', '2021-08-23 12:24:18', '2021-08-23 12:24:18'),
(37, 8, 'Eldas', '2021-08-23 12:24:18', '2021-08-23 12:24:18'),
(38, 8, 'Wajir South', '2021-08-23 12:24:18', '2021-08-23 12:24:18'),
(39, 9, 'Mandera West', '2021-08-23 12:24:18', '2021-08-23 12:24:18'),
(40, 9, 'Banissa', '2021-08-23 12:24:18', '2021-08-23 12:24:18'),
(41, 9, 'Mandera North', '2021-08-23 12:24:19', '2021-08-23 12:24:19'),
(42, 9, 'Mandera South', '2021-08-23 12:24:19', '2021-08-23 12:24:19'),
(43, 9, 'Mandera East', '2021-08-23 12:24:19', '2021-08-23 12:24:19'),
(44, 9, 'Lafey', '2021-08-23 12:24:19', '2021-08-23 12:24:19'),
(45, 10, 'Moyale', '2021-08-23 12:24:19', '2021-08-23 12:24:19'),
(46, 10, 'North Horr', '2021-08-23 12:24:19', '2021-08-23 12:24:19'),
(47, 10, 'Saku', '2021-08-23 12:24:19', '2021-08-23 12:24:19'),
(48, 10, 'Laisamis', '2021-08-23 12:24:19', '2021-08-23 12:24:19'),
(49, 11, 'Isiolo North', '2021-08-23 12:24:19', '2021-08-23 12:24:19'),
(50, 11, 'Isiolo South', '2021-08-23 12:24:19', '2021-08-23 12:24:19'),
(51, 12, 'Igembe South', '2021-08-23 12:24:19', '2021-08-23 12:24:19'),
(52, 12, 'Igembe Central', '2021-08-23 12:24:19', '2021-08-23 12:24:19'),
(53, 12, 'Igembe North', '2021-08-23 12:24:19', '2021-08-23 12:24:19'),
(54, 12, 'Tigania West', '2021-08-23 12:24:19', '2021-08-23 12:24:19'),
(55, 12, 'Tigania East', '2021-08-23 12:24:19', '2021-08-23 12:24:19'),
(56, 12, 'North Imenti', '2021-08-23 12:24:19', '2021-08-23 12:24:19'),
(57, 12, 'Buuri', '2021-08-23 12:24:19', '2021-08-23 12:24:19'),
(58, 12, 'Central Imenti', '2021-08-23 12:24:19', '2021-08-23 12:24:19'),
(59, 12, 'South Imenti', '2021-08-23 12:24:19', '2021-08-23 12:24:19'),
(60, 13, 'Maara', '2021-08-23 12:24:19', '2021-08-23 12:24:19'),
(61, 13, 'Chuka/igambang\'om', '2021-08-23 12:24:19', '2021-08-23 12:24:19'),
(62, 13, 'Tharaka', '2021-08-23 12:24:19', '2021-08-23 12:24:19'),
(63, 14, 'Manyatta', '2021-08-23 12:24:19', '2021-08-23 12:24:19'),
(64, 14, 'Runyenjes', '2021-08-23 12:24:19', '2021-08-23 12:24:19'),
(65, 14, 'Mbeere South', '2021-08-23 12:24:19', '2021-08-23 12:24:19'),
(66, 14, 'Mbeere North', '2021-08-23 12:24:19', '2021-08-23 12:24:19'),
(67, 15, 'Mwingi North', '2021-08-23 12:24:19', '2021-08-23 12:24:19'),
(68, 15, 'Mwingi West', '2021-08-23 12:24:19', '2021-08-23 12:24:19'),
(69, 15, 'Mwingi Central', '2021-08-23 12:24:19', '2021-08-23 12:24:19'),
(70, 15, 'Kitui West', '2021-08-23 12:24:19', '2021-08-23 12:24:19'),
(71, 15, 'Kitui Rural', '2021-08-23 12:24:19', '2021-08-23 12:24:19'),
(72, 15, 'Kitui Central', '2021-08-23 12:24:19', '2021-08-23 12:24:19'),
(73, 15, 'Kitui East', '2021-08-23 12:24:19', '2021-08-23 12:24:19'),
(74, 15, 'Kitui South', '2021-08-23 12:24:19', '2021-08-23 12:24:19'),
(75, 16, 'Masinga', '2021-08-23 12:24:19', '2021-08-23 12:24:19'),
(76, 16, 'Yatta', '2021-08-23 12:24:19', '2021-08-23 12:24:19'),
(77, 16, 'Kangundo', '2021-08-23 12:24:19', '2021-08-23 12:24:19'),
(78, 16, 'Matungulu', '2021-08-23 12:24:19', '2021-08-23 12:24:19'),
(79, 16, 'Kathiani', '2021-08-23 12:24:19', '2021-08-23 12:24:19'),
(80, 16, 'Mavoko', '2021-08-23 12:24:19', '2021-08-23 12:24:19'),
(81, 16, 'Machakos Town', '2021-08-23 12:24:19', '2021-08-23 12:24:19'),
(82, 16, 'Mwala', '2021-08-23 12:24:19', '2021-08-23 12:24:19'),
(83, 17, 'Mbooni', '2021-08-23 12:24:19', '2021-08-23 12:24:19'),
(84, 17, 'Kilome', '2021-08-23 12:24:19', '2021-08-23 12:24:19'),
(85, 17, 'Kaiti', '2021-08-23 12:24:19', '2021-08-23 12:24:19'),
(86, 17, 'Makueni', '2021-08-23 12:24:19', '2021-08-23 12:24:19'),
(87, 17, 'Kibwezi West', '2021-08-23 12:24:19', '2021-08-23 12:24:19'),
(88, 17, 'Kibwezi East', '2021-08-23 12:24:19', '2021-08-23 12:24:19'),
(89, 18, 'Kinangop', '2021-08-23 12:24:19', '2021-08-23 12:24:19'),
(90, 18, 'Kipipiri', '2021-08-23 12:24:19', '2021-08-23 12:24:19'),
(91, 18, 'Ol Kalou', '2021-08-23 12:24:19', '2021-08-23 12:24:19'),
(92, 18, 'Ol Jorok', '2021-08-23 12:24:19', '2021-08-23 12:24:19'),
(93, 18, 'Ndaragwa', '2021-08-23 12:24:19', '2021-08-23 12:24:19'),
(94, 19, 'Tetu', '2021-08-23 12:24:19', '2021-08-23 12:24:19'),
(95, 19, 'Kieni', '2021-08-23 12:24:19', '2021-08-23 12:24:19'),
(96, 19, 'Mathira', '2021-08-23 12:24:19', '2021-08-23 12:24:19'),
(97, 19, 'Othaya', '2021-08-23 12:24:19', '2021-08-23 12:24:19'),
(98, 19, 'Mukurweini', '2021-08-23 12:24:19', '2021-08-23 12:24:19'),
(99, 19, 'Nyeri Town', '2021-08-23 12:24:19', '2021-08-23 12:24:19'),
(100, 20, 'Mwea', '2021-08-23 12:24:19', '2021-08-23 12:24:19'),
(101, 20, 'Gichugu', '2021-08-23 12:24:19', '2021-08-23 12:24:19'),
(102, 20, 'Ndia', '2021-08-23 12:24:19', '2021-08-23 12:24:19'),
(103, 20, 'Kirinyaga Central', '2021-08-23 12:24:19', '2021-08-23 12:24:19'),
(104, 21, 'Kangema', '2021-08-23 12:24:19', '2021-08-23 12:24:19'),
(105, 21, 'Mathioya', '2021-08-23 12:24:19', '2021-08-23 12:24:19'),
(106, 21, 'Kiharu', '2021-08-23 12:24:19', '2021-08-23 12:24:19'),
(107, 21, 'Kigumo', '2021-08-23 12:24:19', '2021-08-23 12:24:19'),
(108, 21, 'Maragwa', '2021-08-23 12:24:19', '2021-08-23 12:24:19'),
(109, 21, 'Kandara', '2021-08-23 12:24:19', '2021-08-23 12:24:19'),
(110, 21, 'Gatanga', '2021-08-23 12:24:19', '2021-08-23 12:24:19'),
(111, 22, 'Gatundu South', '2021-08-23 12:24:20', '2021-08-23 12:24:20'),
(112, 22, 'Gatundu North', '2021-08-23 12:24:20', '2021-08-23 12:24:20'),
(113, 22, 'Juja', '2021-08-23 12:24:20', '2021-08-23 12:24:20'),
(114, 22, 'Thika Town', '2021-08-23 12:24:20', '2021-08-23 12:24:20'),
(115, 22, 'Ruiru', '2021-08-23 12:24:20', '2021-08-23 12:24:20'),
(116, 22, 'Githunguri', '2021-08-23 12:24:20', '2021-08-23 12:24:20'),
(117, 22, 'Kiambu', '2021-08-23 12:24:20', '2021-08-23 12:24:20'),
(118, 22, 'Kiambaa', '2021-08-23 12:24:20', '2021-08-23 12:24:20'),
(119, 22, 'Kabete', '2021-08-23 12:24:20', '2021-08-23 12:24:20'),
(120, 22, 'Kikuyu', '2021-08-23 12:24:20', '2021-08-23 12:24:20'),
(121, 22, 'Limuru', '2021-08-23 12:24:20', '2021-08-23 12:24:20'),
(122, 22, 'Lari', '2021-08-23 12:24:20', '2021-08-23 12:24:20'),
(123, 23, 'Turkana North', '2021-08-23 12:24:20', '2021-08-23 12:24:20'),
(124, 23, 'Turkana West', '2021-08-23 12:24:20', '2021-08-23 12:24:20'),
(125, 23, 'Turkana Central', '2021-08-23 12:24:20', '2021-08-23 12:24:20'),
(126, 23, 'Loima', '2021-08-23 12:24:20', '2021-08-23 12:24:20'),
(127, 23, 'Turkana South', '2021-08-23 12:24:20', '2021-08-23 12:24:20'),
(128, 23, 'Turkana East', '2021-08-23 12:24:20', '2021-08-23 12:24:20'),
(129, 24, 'Kapenguria', '2021-08-23 12:24:20', '2021-08-23 12:24:20'),
(130, 24, 'Sigor', '2021-08-23 12:24:20', '2021-08-23 12:24:20'),
(131, 24, 'Kacheliba', '2021-08-23 12:24:20', '2021-08-23 12:24:20'),
(132, 24, 'Pokot South', '2021-08-23 12:24:20', '2021-08-23 12:24:20'),
(133, 25, 'Samburu West', '2021-08-23 12:24:20', '2021-08-23 12:24:20'),
(134, 25, 'Samburu North', '2021-08-23 12:24:20', '2021-08-23 12:24:20'),
(135, 25, 'Samburu East', '2021-08-23 12:24:20', '2021-08-23 12:24:20'),
(136, 26, 'Kwanza', '2021-08-23 12:24:20', '2021-08-23 12:24:20'),
(137, 26, 'Endebess', '2021-08-23 12:24:20', '2021-08-23 12:24:20'),
(138, 26, 'Saboti', '2021-08-23 12:24:20', '2021-08-23 12:24:20'),
(139, 26, 'Kiminini', '2021-08-23 12:24:20', '2021-08-23 12:24:20'),
(140, 26, 'Cherangany', '2021-08-23 12:24:20', '2021-08-23 12:24:20'),
(141, 27, 'Soy', '2021-08-23 12:24:20', '2021-08-23 12:24:20'),
(142, 27, 'Turbo', '2021-08-23 12:24:20', '2021-08-23 12:24:20'),
(143, 27, 'Moiben', '2021-08-23 12:24:20', '2021-08-23 12:24:20'),
(144, 27, 'Ainabkoi', '2021-08-23 12:24:20', '2021-08-23 12:24:20'),
(145, 27, 'Kapseret', '2021-08-23 12:24:20', '2021-08-23 12:24:20'),
(146, 27, 'Kesses', '2021-08-23 12:24:20', '2021-08-23 12:24:20'),
(147, 28, 'Marakwet East', '2021-08-23 12:24:20', '2021-08-23 12:24:20'),
(148, 28, 'Marakwet West', '2021-08-23 12:24:20', '2021-08-23 12:24:20'),
(149, 28, 'Keiyo North', '2021-08-23 12:24:20', '2021-08-23 12:24:20'),
(150, 28, 'Keiyo South', '2021-08-23 12:24:20', '2021-08-23 12:24:20'),
(151, 29, 'Tinderet', '2021-08-23 12:24:20', '2021-08-23 12:24:20'),
(152, 29, 'Aldai', '2021-08-23 12:24:20', '2021-08-23 12:24:20'),
(153, 29, 'Nandi Hills', '2021-08-23 12:24:20', '2021-08-23 12:24:20'),
(154, 29, 'Chesumei', '2021-08-23 12:24:20', '2021-08-23 12:24:20'),
(155, 29, 'Emgwen', '2021-08-23 12:24:20', '2021-08-23 12:24:20'),
(156, 29, 'Mosop', '2021-08-23 12:24:20', '2021-08-23 12:24:20'),
(157, 30, 'Tiaty', '2021-08-23 12:24:20', '2021-08-23 12:24:20'),
(158, 30, 'Baringo  North', '2021-08-23 12:24:20', '2021-08-23 12:24:20'),
(159, 30, 'Baringo Central', '2021-08-23 12:24:20', '2021-08-23 12:24:20'),
(160, 30, 'Baringo South', '2021-08-23 12:24:20', '2021-08-23 12:24:20'),
(161, 30, 'Mogotio', '2021-08-23 12:24:20', '2021-08-23 12:24:20'),
(162, 30, 'Eldama Ravine', '2021-08-23 12:24:20', '2021-08-23 12:24:20'),
(163, 31, 'Laikipia West', '2021-08-23 12:24:20', '2021-08-23 12:24:20'),
(164, 31, 'Laikipia East', '2021-08-23 12:24:20', '2021-08-23 12:24:20'),
(165, 31, 'Laikipia North', '2021-08-23 12:24:20', '2021-08-23 12:24:20'),
(166, 32, 'Molo', '2021-08-23 12:24:20', '2021-08-23 12:24:20'),
(167, 32, 'Njoro', '2021-08-23 12:24:20', '2021-08-23 12:24:20'),
(168, 32, 'Naivasha', '2021-08-23 12:24:20', '2021-08-23 12:24:20'),
(169, 32, 'Gilgil', '2021-08-23 12:24:20', '2021-08-23 12:24:20'),
(170, 32, 'Kuresoi South', '2021-08-23 12:24:20', '2021-08-23 12:24:20'),
(171, 32, 'Kuresoi North', '2021-08-23 12:24:20', '2021-08-23 12:24:20'),
(172, 32, 'Subukia', '2021-08-23 12:24:20', '2021-08-23 12:24:20'),
(173, 32, 'Rongai', '2021-08-23 12:24:20', '2021-08-23 12:24:20'),
(174, 32, 'Bahati', '2021-08-23 12:24:20', '2021-08-23 12:24:20'),
(175, 32, 'Nakuru Town West', '2021-08-23 12:24:20', '2021-08-23 12:24:20'),
(176, 32, 'Nakuru Town East', '2021-08-23 12:24:20', '2021-08-23 12:24:20'),
(177, 33, 'Kilgoris', '2021-08-23 12:24:20', '2021-08-23 12:24:20'),
(178, 33, 'Emurua Dikirr', '2021-08-23 12:24:20', '2021-08-23 12:24:20'),
(179, 33, 'Narok North', '2021-08-23 12:24:20', '2021-08-23 12:24:20'),
(180, 33, 'Narok East', '2021-08-23 12:24:20', '2021-08-23 12:24:20'),
(181, 33, 'Narok South', '2021-08-23 12:24:20', '2021-08-23 12:24:20'),
(182, 33, 'Narok West', '2021-08-23 12:24:20', '2021-08-23 12:24:20'),
(183, 34, 'Kajiado North', '2021-08-23 12:24:21', '2021-08-23 12:24:21'),
(184, 34, 'Kajiado Central', '2021-08-23 12:24:21', '2021-08-23 12:24:21'),
(185, 34, 'Kajiado East', '2021-08-23 12:24:21', '2021-08-23 12:24:21'),
(186, 34, 'Kajiado West', '2021-08-23 12:24:21', '2021-08-23 12:24:21'),
(187, 34, 'Kajiado South', '2021-08-23 12:24:21', '2021-08-23 12:24:21'),
(188, 35, 'Kipkelion East', '2021-08-23 12:24:21', '2021-08-23 12:24:21'),
(189, 35, 'Kipkelion West', '2021-08-23 12:24:21', '2021-08-23 12:24:21'),
(190, 35, 'Ainamoi', '2021-08-23 12:24:21', '2021-08-23 12:24:21'),
(191, 35, 'Bureti', '2021-08-23 12:24:21', '2021-08-23 12:24:21'),
(192, 35, 'Belgut', '2021-08-23 12:24:21', '2021-08-23 12:24:21'),
(193, 35, 'Sigowet/soin', '2021-08-23 12:24:21', '2021-08-23 12:24:21'),
(194, 36, 'Sotik', '2021-08-23 12:24:21', '2021-08-23 12:24:21'),
(195, 36, 'Chepalungu', '2021-08-23 12:24:21', '2021-08-23 12:24:21'),
(196, 36, 'Bomet East', '2021-08-23 12:24:21', '2021-08-23 12:24:21'),
(197, 36, 'Bomet Central', '2021-08-23 12:24:21', '2021-08-23 12:24:21'),
(198, 36, 'Konoin', '2021-08-23 12:24:21', '2021-08-23 12:24:21'),
(199, 37, 'Lugari', '2021-08-23 12:24:21', '2021-08-23 12:24:21'),
(200, 37, 'Likuyani', '2021-08-23 12:24:21', '2021-08-23 12:24:21'),
(201, 37, 'Malava', '2021-08-23 12:24:21', '2021-08-23 12:24:21'),
(202, 37, 'Lurambi', '2021-08-23 12:24:21', '2021-08-23 12:24:21'),
(203, 37, 'Navakholo', '2021-08-23 12:24:21', '2021-08-23 12:24:21'),
(204, 37, 'Mumias West', '2021-08-23 12:24:21', '2021-08-23 12:24:21'),
(205, 37, 'Mumias East', '2021-08-23 12:24:21', '2021-08-23 12:24:21'),
(206, 37, 'Matungu', '2021-08-23 12:24:21', '2021-08-23 12:24:21'),
(207, 37, 'Butere', '2021-08-23 12:24:21', '2021-08-23 12:24:21'),
(208, 37, 'Khwisero', '2021-08-23 12:24:21', '2021-08-23 12:24:21'),
(209, 37, 'Shinyalu', '2021-08-23 12:24:21', '2021-08-23 12:24:21'),
(210, 37, 'Ikolomani', '2021-08-23 12:24:21', '2021-08-23 12:24:21'),
(211, 38, 'Vihiga', '2021-08-23 12:24:21', '2021-08-23 12:24:21'),
(212, 38, 'Sabatia', '2021-08-23 12:24:21', '2021-08-23 12:24:21'),
(213, 38, 'Hamisi', '2021-08-23 12:24:21', '2021-08-23 12:24:21'),
(214, 38, 'Luanda', '2021-08-23 12:24:21', '2021-08-23 12:24:21'),
(215, 38, 'Emuhaya', '2021-08-23 12:24:21', '2021-08-23 12:24:21'),
(216, 39, 'Mt.elgon', '2021-08-23 12:24:21', '2021-08-23 12:24:21'),
(217, 39, 'Sirisia', '2021-08-23 12:24:21', '2021-08-23 12:24:21'),
(218, 39, 'Kabuchai', '2021-08-23 12:24:21', '2021-08-23 12:24:21'),
(219, 39, 'Bumula', '2021-08-23 12:24:21', '2021-08-23 12:24:21'),
(220, 39, 'Kanduyi', '2021-08-23 12:24:21', '2021-08-23 12:24:21'),
(221, 39, 'Webuye East', '2021-08-23 12:24:21', '2021-08-23 12:24:21'),
(222, 39, 'Webuye West', '2021-08-23 12:24:21', '2021-08-23 12:24:21'),
(223, 39, 'Kimilili', '2021-08-23 12:24:21', '2021-08-23 12:24:21'),
(224, 39, 'Tongaren', '2021-08-23 12:24:21', '2021-08-23 12:24:21'),
(225, 40, 'Teso North', '2021-08-23 12:24:21', '2021-08-23 12:24:21'),
(226, 40, 'Teso South', '2021-08-23 12:24:21', '2021-08-23 12:24:21'),
(227, 40, 'Nambale', '2021-08-23 12:24:21', '2021-08-23 12:24:21'),
(228, 40, 'Matayos', '2021-08-23 12:24:21', '2021-08-23 12:24:21'),
(229, 40, 'Butula', '2021-08-23 12:24:21', '2021-08-23 12:24:21'),
(230, 40, 'Funyula', '2021-08-23 12:24:21', '2021-08-23 12:24:21'),
(231, 40, 'Budalangi', '2021-08-23 12:24:21', '2021-08-23 12:24:21'),
(232, 41, 'Ugenya', '2021-08-23 12:24:21', '2021-08-23 12:24:21'),
(233, 41, 'Ugunja', '2021-08-23 12:24:21', '2021-08-23 12:24:21'),
(234, 41, 'Alego Usonga', '2021-08-23 12:24:21', '2021-08-23 12:24:21'),
(235, 41, 'Gem', '2021-08-23 12:24:21', '2021-08-23 12:24:21'),
(236, 41, 'Bondo', '2021-08-23 12:24:21', '2021-08-23 12:24:21'),
(237, 41, 'Rarieda', '2021-08-23 12:24:21', '2021-08-23 12:24:21'),
(238, 42, 'Kisumu East', '2021-08-23 12:24:21', '2021-08-23 12:24:21'),
(239, 42, 'Kisumu West', '2021-08-23 12:24:21', '2021-08-23 12:24:21'),
(240, 42, 'Kisumu Central', '2021-08-23 12:24:21', '2021-08-23 12:24:21'),
(241, 42, 'Seme', '2021-08-23 12:24:21', '2021-08-23 12:24:21'),
(242, 42, 'Nyando', '2021-08-23 12:24:21', '2021-08-23 12:24:21'),
(243, 42, 'Muhoroni', '2021-08-23 12:24:21', '2021-08-23 12:24:21'),
(244, 42, 'Nyakach', '2021-08-23 12:24:21', '2021-08-23 12:24:21'),
(245, 43, 'Kasipul', '2021-08-23 12:24:21', '2021-08-23 12:24:21'),
(246, 43, 'Kabondo Kasipul', '2021-08-23 12:24:21', '2021-08-23 12:24:21'),
(247, 43, 'Karachuonyo', '2021-08-23 12:24:21', '2021-08-23 12:24:21'),
(248, 43, 'Rangwe', '2021-08-23 12:24:21', '2021-08-23 12:24:21'),
(249, 43, 'Homa Bay Town', '2021-08-23 12:24:21', '2021-08-23 12:24:21'),
(250, 43, 'Ndhiwa', '2021-08-23 12:24:21', '2021-08-23 12:24:21'),
(251, 43, 'Mbita', '2021-08-23 12:24:21', '2021-08-23 12:24:21'),
(252, 43, 'Suba', '2021-08-23 12:24:21', '2021-08-23 12:24:21'),
(253, 44, 'Rongo', '2021-08-23 12:24:22', '2021-08-23 12:24:22'),
(254, 44, 'Awendo', '2021-08-23 12:24:22', '2021-08-23 12:24:22'),
(255, 44, 'Suna East', '2021-08-23 12:24:22', '2021-08-23 12:24:22'),
(256, 44, 'Suna West', '2021-08-23 12:24:22', '2021-08-23 12:24:22'),
(257, 44, 'Uriri', '2021-08-23 12:24:22', '2021-08-23 12:24:22'),
(258, 44, 'Nyatike', '2021-08-23 12:24:22', '2021-08-23 12:24:22'),
(259, 44, 'Kuria West', '2021-08-23 12:24:22', '2021-08-23 12:24:22'),
(260, 44, 'Kuria East', '2021-08-23 12:24:22', '2021-08-23 12:24:22'),
(261, 45, 'Bonchari', '2021-08-23 12:24:22', '2021-08-23 12:24:22'),
(262, 45, 'South Mugirango', '2021-08-23 12:24:22', '2021-08-23 12:24:22'),
(263, 45, 'Bomachoge Borabu', '2021-08-23 12:24:22', '2021-08-23 12:24:22'),
(264, 45, 'Bobasi', '2021-08-23 12:24:22', '2021-08-23 12:24:22'),
(265, 45, 'Bomachoge Chache', '2021-08-23 12:24:22', '2021-08-23 12:24:22'),
(266, 45, 'Nyaribari Masaba', '2021-08-23 12:24:22', '2021-08-23 12:24:22'),
(267, 45, 'Nyaribari Chache', '2021-08-23 12:24:22', '2021-08-23 12:24:22'),
(268, 45, 'Kitutu Chache North', '2021-08-23 12:24:22', '2021-08-23 12:24:22'),
(269, 45, 'Kitutu Chache South', '2021-08-23 12:24:22', '2021-08-23 12:24:22'),
(270, 46, 'Kitutu Masaba', '2021-08-23 12:24:22', '2021-08-23 12:24:22'),
(271, 46, 'West Mugirango', '2021-08-23 12:24:22', '2021-08-23 12:24:22'),
(272, 46, 'North Mugirango', '2021-08-23 12:24:22', '2021-08-23 12:24:22'),
(273, 46, 'Borabu', '2021-08-23 12:24:22', '2021-08-23 12:24:22'),
(274, 47, 'Westlands', '2021-08-23 12:24:22', '2021-08-23 12:24:22'),
(275, 47, 'Dagoretti North', '2021-08-23 12:24:22', '2021-08-23 12:24:22'),
(276, 47, 'Dagoretti South', '2021-08-23 12:24:22', '2021-08-23 12:24:22'),
(277, 47, 'Langata', '2021-08-23 12:24:22', '2021-08-23 12:24:22'),
(278, 47, 'Kibra', '2021-08-23 12:24:22', '2021-08-23 12:24:22'),
(279, 47, 'Roysambu', '2021-08-23 12:24:22', '2021-08-23 12:24:22'),
(280, 47, 'Kasarani', '2021-08-23 12:24:22', '2021-08-23 12:24:22'),
(281, 47, 'Ruaraka', '2021-08-23 12:24:22', '2021-08-23 12:24:22'),
(282, 47, 'Embakasi South', '2021-08-23 12:24:22', '2021-08-23 12:24:22'),
(283, 47, 'Embakasi North', '2021-08-23 12:24:22', '2021-08-23 12:24:22'),
(284, 47, 'Embakasi Central', '2021-08-23 12:24:22', '2021-08-23 12:24:22'),
(285, 47, 'Embakasi East', '2021-08-23 12:24:22', '2021-08-23 12:24:22'),
(286, 47, 'Embakasi West', '2021-08-23 12:24:22', '2021-08-23 12:24:22'),
(287, 47, 'Makadara', '2021-08-23 12:24:22', '2021-08-23 12:24:22'),
(288, 47, 'Kamukunji', '2021-08-23 12:24:22', '2021-08-23 12:24:22'),
(289, 47, 'Starehe', '2021-08-23 12:24:22', '2021-08-23 12:24:22'),
(290, 47, 'Mathare', '2021-08-23 12:24:22', '2021-08-23 12:24:22');

-- --------------------------------------------------------

--
-- Table structure for table `counties`
--

CREATE TABLE `counties` (
  `id` bigint(20) UNSIGNED NOT NULL,
  `name` varchar(255) COLLATE utf8mb4_unicode_ci NOT NULL,
  `created_at` timestamp NULL DEFAULT NULL,
  `updated_at` timestamp NULL DEFAULT NULL
) ENGINE=InnoDB DEFAULT CHARSET=utf8mb4 COLLATE=utf8mb4_unicode_ci;

--
-- Dumping data for table `counties`
--

INSERT INTO `counties` (`id`, `name`, `created_at`, `updated_at`) VALUES
(1, 'MOMBASA', '2021-08-23 12:24:18', '2021-08-23 12:24:18'),
(2, 'KWALE', '2021-08-23 12:24:18', '2021-08-23 12:24:18'),
(3, 'KILIFI', '2021-08-23 12:24:18', '2021-08-23 12:24:18'),
(4, 'TANA RIVER', '2021-08-23 12:24:18', '2021-08-23 12:24:18'),
(5, 'LAMU', '2021-08-23 12:24:18', '2021-08-23 12:24:18'),
(6, 'TAITA TAVETA', '2021-08-23 12:24:18', '2021-08-23 12:24:18'),
(7, 'GARISSA', '2021-08-23 12:24:18', '2021-08-23 12:24:18'),
(8, 'WAJIR', '2021-08-23 12:24:18', '2021-08-23 12:24:18'),
(9, 'MANDERA', '2021-08-23 12:24:18', '2021-08-23 12:24:18'),
(10, 'MARSABIT', '2021-08-23 12:24:18', '2021-08-23 12:24:18'),
(11, 'ISIOLO', '2021-08-23 12:24:18', '2021-08-23 12:24:18'),
(12, 'MERU', '2021-08-23 12:24:18', '2021-08-23 12:24:18'),
(13, 'THARAKA-NITHI', '2021-08-23 12:24:18', '2021-08-23 12:24:18'),
(14, 'EMBU', '2021-08-23 12:24:18', '2021-08-23 12:24:18'),
(15, 'KITUI', '2021-08-23 12:24:18', '2021-08-23 12:24:18'),
(16, 'MACHAKOS', '2021-08-23 12:24:18', '2021-08-23 12:24:18'),
(17, 'MAKUENI', '2021-08-23 12:24:18', '2021-08-23 12:24:18'),
(18, 'NYANDARUA', '2021-08-23 12:24:18', '2021-08-23 12:24:18'),
(19, 'NYERI', '2021-08-23 12:24:18', '2021-08-23 12:24:18'),
(20, 'KIRINYAGA', '2021-08-23 12:24:18', '2021-08-23 12:24:18'),
(21, 'MURANG\'A', '2021-08-23 12:24:18', '2021-08-23 12:24:18'),
(22, 'KIAMBU', '2021-08-23 12:24:18', '2021-08-23 12:24:18'),
(23, 'TURKANA', '2021-08-23 12:24:18', '2021-08-23 12:24:18'),
(24, 'WEST POKOT', '2021-08-23 12:24:18', '2021-08-23 12:24:18'),
(25, 'SAMBURU', '2021-08-23 12:24:18', '2021-08-23 12:24:18'),
(26, 'TRANS NZOIA', '2021-08-23 12:24:18', '2021-08-23 12:24:18'),
(27, 'UASIN GISHU', '2021-08-23 12:24:18', '2021-08-23 12:24:18'),
(28, 'ELGEYO/MARAKWET', '2021-08-23 12:24:18', '2021-08-23 12:24:18'),
(29, 'NANDI', '2021-08-23 12:24:18', '2021-08-23 12:24:18'),
(30, 'BARINGO', '2021-08-23 12:24:18', '2021-08-23 12:24:18'),
(31, 'LAIKIPIA', '2021-08-23 12:24:18', '2021-08-23 12:24:18'),
(32, 'NAKURU', '2021-08-23 12:24:18', '2021-08-23 12:24:18'),
(33, 'NAROK', '2021-08-23 12:24:18', '2021-08-23 12:24:18'),
(34, 'KAJIADO', '2021-08-23 12:24:18', '2021-08-23 12:24:18'),
(35, 'KERICHO', '2021-08-23 12:24:18', '2021-08-23 12:24:18'),
(36, 'BOMET', '2021-08-23 12:24:18', '2021-08-23 12:24:18'),
(37, 'KAKAMEGA', '2021-08-23 12:24:18', '2021-08-23 12:24:18'),
(38, 'VIHIGA', '2021-08-23 12:24:18', '2021-08-23 12:24:18'),
(39, 'BUNGOMA', '2021-08-23 12:24:18', '2021-08-23 12:24:18'),
(40, 'BUSIA', '2021-08-23 12:24:18', '2021-08-23 12:24:18'),
(41, 'SIAYA', '2021-08-23 12:24:18', '2021-08-23 12:24:18'),
(42, 'KISUMU', '2021-08-23 12:24:18', '2021-08-23 12:24:18'),
(43, 'HOMA BAY', '2021-08-23 12:24:18', '2021-08-23 12:24:18'),
(44, 'MIGORI', '2021-08-23 12:24:18', '2021-08-23 12:24:18'),
(45, 'KISII', '2021-08-23 12:24:18', '2021-08-23 12:24:18'),
(46, 'NYAMIRA', '2021-08-23 12:24:18', '2021-08-23 12:24:18'),
(47, 'NAIROBI', '2021-08-23 12:24:18', '2021-08-23 12:24:18');

-- --------------------------------------------------------

--
-- Table structure for table `wards`
--

CREATE TABLE `wards` (
  `id` bigint(20) UNSIGNED NOT NULL,
  `constituency_id` bigint(20) UNSIGNED NOT NULL,
  `name` varchar(255) COLLATE utf8mb4_unicode_ci NOT NULL,
  `alias` varchar(255) COLLATE utf8mb4_unicode_ci DEFAULT NULL,
  `created_at` timestamp NULL DEFAULT NULL,
  `updated_at` timestamp NULL DEFAULT NULL
) ENGINE=InnoDB DEFAULT CHARSET=utf8mb4 COLLATE=utf8mb4_unicode_ci;

--
-- Dumping data for table `wards`
--

INSERT INTO `wards` (`id`, `constituency_id`, `name`, `alias`, `created_at`, `updated_at`) VALUES
(1, 1, 'Port Reitz', '', '2021-08-23 12:24:18', '2021-08-23 12:24:18'),
(2, 1, 'Kipevu', '', '2021-08-23 12:24:18', '2021-08-23 12:24:18'),
(3, 1, 'Airport', '', '2021-08-23 12:24:18', '2021-08-23 12:24:18'),
(4, 1, 'Changamwe', '', '2021-08-23 12:24:18', '2021-08-23 12:24:18'),
(5, 1, 'Chaani', '', '2021-08-23 12:24:18', '2021-08-23 12:24:18'),
(6, 2, 'Jomvu Kuu', '', '2021-08-23 12:24:18', '2021-08-23 12:24:18'),
(7, 2, 'Miritini', '', '2021-08-23 12:24:18', '2021-08-23 12:24:18'),
(8, 2, 'Mikindani', '', '2021-08-23 12:24:18', '2021-08-23 12:24:18'),
(9, 3, 'Mjambere', '', '2021-08-23 12:24:18', '2021-08-23 12:24:18'),
(10, 3, 'Junda', '', '2021-08-23 12:24:18', '2021-08-23 12:24:18'),
(11, 3, 'Bamburi', '', '2021-08-23 12:24:18', '2021-08-23 12:24:18'),
(12, 3, 'Mwakirunge', '', '2021-08-23 12:24:18', '2021-08-23 12:24:18'),
(13, 3, 'Mtopanga', '', '2021-08-23 12:24:18', '2021-08-23 12:24:18'),
(14, 3, 'Magogoni', '', '2021-08-23 12:24:18', '2021-08-23 12:24:18'),
(15, 3, 'Shanzu', '', '2021-08-23 12:24:18', '2021-08-23 12:24:18'),
(16, 4, 'Frere Town', '', '2021-08-23 12:24:18', '2021-08-23 12:24:18'),
(17, 4, 'Ziwa La Ng\'ombe', '', '2021-08-23 12:24:18', '2021-08-23 12:24:18'),
(18, 4, 'Mkomani', '', '2021-08-23 12:24:18', '2021-08-23 12:24:18'),
(19, 4, 'Kongowea', '', '2021-08-23 12:24:18', '2021-08-23 12:24:18'),
(20, 4, 'Kadzandani', '', '2021-08-23 12:24:18', '2021-08-23 12:24:18'),
(21, 5, 'Mtongwe', '', '2021-08-23 12:24:18', '2021-08-23 12:24:18'),
(22, 5, 'Shika Adabu', '', '2021-08-23 12:24:18', '2021-08-23 12:24:18'),
(23, 5, 'Bofu', '', '2021-08-23 12:24:18', '2021-08-23 12:24:18'),
(24, 5, 'Likoni', '', '2021-08-23 12:24:18', '2021-08-23 12:24:18'),
(25, 5, 'Timbwani', '', '2021-08-23 12:24:18', '2021-08-23 12:24:18'),
(26, 6, 'Mji Wa Kale/makadara', '', '2021-08-23 12:24:18', '2021-08-23 12:24:18'),
(27, 6, 'Tudor', '', '2021-08-23 12:24:18', '2021-08-23 12:24:18'),
(28, 6, 'Tononoka', '', '2021-08-23 12:24:18', '2021-08-23 12:24:18'),
(29, 6, 'Shimanzi/ganjoni', '', '2021-08-23 12:24:18', '2021-08-23 12:24:18'),
(30, 6, 'Majengo', '', '2021-08-23 12:24:18', '2021-08-23 12:24:18'),
(31, 7, 'Gombatobongwe', '', '2021-08-23 12:24:18', '2021-08-23 12:24:18'),
(32, 7, 'Ukunda', '', '2021-08-23 12:24:18', '2021-08-23 12:24:18'),
(33, 7, 'Kinondo', '', '2021-08-23 12:24:18', '2021-08-23 12:24:18'),
(34, 7, 'Ramisi', '', '2021-08-23 12:24:18', '2021-08-23 12:24:18'),
(35, 8, 'Pongwekikoneni', '', '2021-08-23 12:24:18', '2021-08-23 12:24:18'),
(36, 8, 'Dzombo', '', '2021-08-23 12:24:18', '2021-08-23 12:24:18'),
(37, 8, 'Mwereni', '', '2021-08-23 12:24:18', '2021-08-23 12:24:18'),
(38, 8, 'Vanga', '', '2021-08-23 12:24:18', '2021-08-23 12:24:18'),
(39, 9, 'Tsimba Golini', '', '2021-08-23 12:24:18', '2021-08-23 12:24:18'),
(40, 9, 'Waa', '', '2021-08-23 12:24:18', '2021-08-23 12:24:18'),
(41, 9, 'Tiwi', '', '2021-08-23 12:24:18', '2021-08-23 12:24:18'),
(42, 9, 'Kubo South', '', '2021-08-23 12:24:18', '2021-08-23 12:24:18'),
(43, 9, 'Mkongani', '', '2021-08-23 12:24:18', '2021-08-23 12:24:18'),
(44, 10, 'Nadavaya', '', '2021-08-23 12:24:18', '2021-08-23 12:24:18'),
(45, 10, 'Puma', '', '2021-08-23 12:24:18', '2021-08-23 12:24:18'),
(46, 10, 'Kinango', '', '2021-08-23 12:24:18', '2021-08-23 12:24:18'),
(47, 10, 'Mackinnon-road', '', '2021-08-23 12:24:18', '2021-08-23 12:24:18'),
(48, 10, 'Chengoni/samburu', '', '2021-08-23 12:24:18', '2021-08-23 12:24:18'),
(49, 10, 'Mwavumbo', '', '2021-08-23 12:24:18', '2021-08-23 12:24:18'),
(50, 10, 'Kasemeni', '', '2021-08-23 12:24:18', '2021-08-23 12:24:18'),
(51, 11, 'Tezo', '', '2021-08-23 12:24:18', '2021-08-23 12:24:18'),
(52, 11, 'Sokoni', '', '2021-08-23 12:24:18', '2021-08-23 12:24:18'),
(53, 11, 'Kibarani', '', '2021-08-23 12:24:18', '2021-08-23 12:24:18'),
(54, 11, 'Dabaso', '', '2021-08-23 12:24:18', '2021-08-23 12:24:18'),
(55, 11, 'Matsangoni', '', '2021-08-23 12:24:18', '2021-08-23 12:24:18'),
(56, 11, 'Watamu', '', '2021-08-23 12:24:18', '2021-08-23 12:24:18'),
(57, 11, 'Mnarani', '', '2021-08-23 12:24:18', '2021-08-23 12:24:18'),
(58, 12, 'Junju', '', '2021-08-23 12:24:18', '2021-08-23 12:24:18'),
(59, 12, 'Mwarakaya', '', '2021-08-23 12:24:18', '2021-08-23 12:24:18'),
(60, 12, 'Shimo La Tewa', '', '2021-08-23 12:24:18', '2021-08-23 12:24:18'),
(61, 12, 'Chasimba', '', '2021-08-23 12:24:18', '2021-08-23 12:24:18'),
(62, 12, 'Mtepeni', '', '2021-08-23 12:24:18', '2021-08-23 12:24:18'),
(63, 13, 'Mariakani', '', '2021-08-23 12:24:18', '2021-08-23 12:24:18'),
(64, 13, 'Kayafungo', '', '2021-08-23 12:24:18', '2021-08-23 12:24:18'),
(65, 13, 'Kaloleni', '', '2021-08-23 12:24:18', '2021-08-23 12:24:18'),
(66, 13, 'Mwanamwinga', '', '2021-08-23 12:24:18', '2021-08-23 12:24:18'),
(67, 14, 'Mwawesa', '', '2021-08-23 12:24:18', '2021-08-23 12:24:18'),
(68, 14, 'Ruruma', '', '2021-08-23 12:24:18', '2021-08-23 12:24:18'),
(69, 14, 'Kambe/ribe', '', '2021-08-23 12:24:18', '2021-08-23 12:24:18'),
(70, 14, 'Rabai/kisurutini', '', '2021-08-23 12:24:18', '2021-08-23 12:24:18'),
(71, 15, 'Ganze', '', '2021-08-23 12:24:18', '2021-08-23 12:24:18'),
(72, 15, 'Bamba', '', '2021-08-23 12:24:18', '2021-08-23 12:24:18'),
(73, 15, 'Jaribuni', '', '2021-08-23 12:24:18', '2021-08-23 12:24:18'),
(74, 15, 'Sokoke', '', '2021-08-23 12:24:18', '2021-08-23 12:24:18'),
(75, 16, 'Jilore', '', '2021-08-23 12:24:18', '2021-08-23 12:24:18'),
(76, 16, 'Kakuyuni', '', '2021-08-23 12:24:18', '2021-08-23 12:24:18'),
(77, 16, 'Ganda', '', '2021-08-23 12:24:18', '2021-08-23 12:24:18'),
(78, 16, 'Malindi Town', '', '2021-08-23 12:24:18', '2021-08-23 12:24:18'),
(79, 16, 'Shella', '', '2021-08-23 12:24:18', '2021-08-23 12:24:18'),
(80, 17, 'Marafa', '', '2021-08-23 12:24:18', '2021-08-23 12:24:18'),
(81, 17, 'Magarini', '', '2021-08-23 12:24:18', '2021-08-23 12:24:18'),
(82, 17, 'Gongoni', '', '2021-08-23 12:24:18', '2021-08-23 12:24:18'),
(83, 17, 'Adu', '', '2021-08-23 12:24:18', '2021-08-23 12:24:18'),
(84, 17, 'Garashi', '', '2021-08-23 12:24:18', '2021-08-23 12:24:18'),
(85, 17, 'Sabaki', '', '2021-08-23 12:24:18', '2021-08-23 12:24:18'),
(86, 18, 'Kipini East', '', '2021-08-23 12:24:18', '2021-08-23 12:24:18'),
(87, 18, 'Garsen South', '', '2021-08-23 12:24:18', '2021-08-23 12:24:18'),
(88, 18, 'Kipini West', '', '2021-08-23 12:24:18', '2021-08-23 12:24:18'),
(89, 18, 'Garsen Central', '', '2021-08-23 12:24:18', '2021-08-23 12:24:18'),
(90, 18, 'Garsen West', '', '2021-08-23 12:24:18', '2021-08-23 12:24:18'),
(91, 18, 'Garsen North', '', '2021-08-23 12:24:18', '2021-08-23 12:24:18'),
(92, 19, 'Kinakomba', '', '2021-08-23 12:24:18', '2021-08-23 12:24:18'),
(93, 19, 'Mikinduni', '', '2021-08-23 12:24:18', '2021-08-23 12:24:18'),
(94, 19, 'Chewani', '', '2021-08-23 12:24:18', '2021-08-23 12:24:18'),
(95, 19, 'Wayu', '', '2021-08-23 12:24:18', '2021-08-23 12:24:18'),
(96, 20, 'Chewele', '', '2021-08-23 12:24:18', '2021-08-23 12:24:18'),
(97, 20, 'Bura', '', '2021-08-23 12:24:18', '2021-08-23 12:24:18'),
(98, 20, 'Bangale', '', '2021-08-23 12:24:18', '2021-08-23 12:24:18'),
(99, 20, 'Sala', '', '2021-08-23 12:24:18', '2021-08-23 12:24:18'),
(100, 20, 'Madogo', '', '2021-08-23 12:24:18', '2021-08-23 12:24:18'),
(101, 21, 'Faza', '', '2021-08-23 12:24:18', '2021-08-23 12:24:18'),
(102, 21, 'Kiunga', '', '2021-08-23 12:24:18', '2021-08-23 12:24:18'),
(103, 21, 'Basuba', '', '2021-08-23 12:24:18', '2021-08-23 12:24:18'),
(104, 22, 'Shella', '', '2021-08-23 12:24:18', '2021-08-23 12:24:18'),
(105, 22, 'Mkomani', '', '2021-08-23 12:24:18', '2021-08-23 12:24:18'),
(106, 22, 'Hindi', '', '2021-08-23 12:24:18', '2021-08-23 12:24:18'),
(107, 22, 'Mkunumbi', '', '2021-08-23 12:24:18', '2021-08-23 12:24:18'),
(108, 22, 'Hongwe', '', '2021-08-23 12:24:18', '2021-08-23 12:24:18'),
(109, 22, 'Witu', '', '2021-08-23 12:24:18', '2021-08-23 12:24:18'),
(110, 22, 'Bahari', '', '2021-08-23 12:24:18', '2021-08-23 12:24:18'),
(111, 23, 'Chala', '', '2021-08-23 12:24:18', '2021-08-23 12:24:18'),
(112, 23, 'Mahoo', '', '2021-08-23 12:24:18', '2021-08-23 12:24:18'),
(113, 23, 'Bomeni', '', '2021-08-23 12:24:18', '2021-08-23 12:24:18'),
(114, 23, 'Mboghoni', '', '2021-08-23 12:24:18', '2021-08-23 12:24:18'),
(115, 23, 'Mata', '', '2021-08-23 12:24:18', '2021-08-23 12:24:18'),
(116, 24, 'Wundanyi/mbale', '', '2021-08-23 12:24:18', '2021-08-23 12:24:18'),
(117, 24, 'Werugha', '', '2021-08-23 12:24:18', '2021-08-23 12:24:18'),
(118, 24, 'Wumingu/kishushe', '', '2021-08-23 12:24:18', '2021-08-23 12:24:18'),
(119, 24, 'Mwanda/mgange', '', '2021-08-23 12:24:18', '2021-08-23 12:24:18'),
(120, 25, 'Rong\'e', '', '2021-08-23 12:24:18', '2021-08-23 12:24:18'),
(121, 25, 'Mwatate', '', '2021-08-23 12:24:18', '2021-08-23 12:24:18'),
(122, 25, 'Bura', '', '2021-08-23 12:24:18', '2021-08-23 12:24:18'),
(123, 25, 'Chawia', '', '2021-08-23 12:24:18', '2021-08-23 12:24:18'),
(124, 25, 'Wusi/kishamba', '', '2021-08-23 12:24:18', '2021-08-23 12:24:18'),
(125, 26, 'Mbololo', '', '2021-08-23 12:24:18', '2021-08-23 12:24:18'),
(126, 26, 'Sagalla', '', '2021-08-23 12:24:18', '2021-08-23 12:24:18'),
(127, 26, 'Kaloleni', '', '2021-08-23 12:24:18', '2021-08-23 12:24:18'),
(128, 26, 'Marungu', '', '2021-08-23 12:24:18', '2021-08-23 12:24:18'),
(129, 26, 'Kasigau', '', '2021-08-23 12:24:18', '2021-08-23 12:24:18'),
(130, 26, 'Ngolia', '', '2021-08-23 12:24:18', '2021-08-23 12:24:18'),
(131, 27, 'Waberi', '', '2021-08-23 12:24:18', '2021-08-23 12:24:18'),
(132, 27, 'Galbet', '', '2021-08-23 12:24:18', '2021-08-23 12:24:18'),
(133, 27, 'Township', '', '2021-08-23 12:24:18', '2021-08-23 12:24:18'),
(134, 27, 'Iftin', '', '2021-08-23 12:24:18', '2021-08-23 12:24:18'),
(135, 28, 'Balambala', '', '2021-08-23 12:24:18', '2021-08-23 12:24:18'),
(136, 28, 'Danyere', '', '2021-08-23 12:24:18', '2021-08-23 12:24:18'),
(137, 28, 'Jara Jara', '', '2021-08-23 12:24:18', '2021-08-23 12:24:18'),
(138, 28, 'Saka', '', '2021-08-23 12:24:18', '2021-08-23 12:24:18'),
(139, 28, 'Sankuri', '', '2021-08-23 12:24:18', '2021-08-23 12:24:18'),
(140, 29, 'Modogashe', '', '2021-08-23 12:24:18', '2021-08-23 12:24:18'),
(141, 29, 'Benane', '', '2021-08-23 12:24:18', '2021-08-23 12:24:18'),
(142, 29, 'Goreale', '', '2021-08-23 12:24:18', '2021-08-23 12:24:18'),
(143, 29, 'Maalimin', '', '2021-08-23 12:24:18', '2021-08-23 12:24:18'),
(144, 29, 'Sabena', '', '2021-08-23 12:24:18', '2021-08-23 12:24:18'),
(145, 29, 'Baraki', '', '2021-08-23 12:24:18', '2021-08-23 12:24:18'),
(146, 30, 'Dertu', '', '2021-08-23 12:24:18', '2021-08-23 12:24:18'),
(147, 30, 'Dadaab', '', '2021-08-23 12:24:18', '2021-08-23 12:24:18'),
(148, 30, 'Labasigale', '', '2021-08-23 12:24:18', '2021-08-23 12:24:18'),
(149, 30, 'Damajale', '', '2021-08-23 12:24:18', '2021-08-23 12:24:18'),
(150, 30, 'Liboi', '', '2021-08-23 12:24:18', '2021-08-23 12:24:18'),
(151, 30, 'Abakaile', '', '2021-08-23 12:24:18', '2021-08-23 12:24:18'),
(152, 31, 'Bura', '', '2021-08-23 12:24:18', '2021-08-23 12:24:18'),
(153, 31, 'Dekaharia', '', '2021-08-23 12:24:18', '2021-08-23 12:24:18'),
(154, 31, 'Jarajila', '', '2021-08-23 12:24:18', '2021-08-23 12:24:18'),
(155, 31, 'Fafi', '', '2021-08-23 12:24:18', '2021-08-23 12:24:18'),
(156, 31, 'Nanighi', '', '2021-08-23 12:24:18', '2021-08-23 12:24:18'),
(157, 32, 'Hulugho', '', '2021-08-23 12:24:18', '2021-08-23 12:24:18'),
(158, 32, 'Sangailu', '', '2021-08-23 12:24:18', '2021-08-23 12:24:18'),
(159, 32, 'Ijara', '', '2021-08-23 12:24:18', '2021-08-23 12:24:18'),
(160, 32, 'Masalani', '', '2021-08-23 12:24:18', '2021-08-23 12:24:18'),
(161, 33, 'Gurar', '', '2021-08-23 12:24:18', '2021-08-23 12:24:18'),
(162, 33, 'Bute', '', '2021-08-23 12:24:18', '2021-08-23 12:24:18'),
(163, 33, 'Korondile', '', '2021-08-23 12:24:18', '2021-08-23 12:24:18'),
(164, 33, 'Malkagufu', '', '2021-08-23 12:24:18', '2021-08-23 12:24:18'),
(165, 33, 'Batalu', '', '2021-08-23 12:24:18', '2021-08-23 12:24:18'),
(166, 33, 'Danaba', '', '2021-08-23 12:24:18', '2021-08-23 12:24:18'),
(167, 33, 'Godoma', '', '2021-08-23 12:24:18', '2021-08-23 12:24:18'),
(168, 34, 'Wagberi', '', '2021-08-23 12:24:18', '2021-08-23 12:24:18'),
(169, 34, 'Township', '', '2021-08-23 12:24:18', '2021-08-23 12:24:18'),
(170, 34, 'Barwago', '', '2021-08-23 12:24:18', '2021-08-23 12:24:18'),
(171, 34, 'Khorof/harar', '', '2021-08-23 12:24:18', '2021-08-23 12:24:18'),
(172, 35, 'Elben', '', '2021-08-23 12:24:18', '2021-08-23 12:24:18'),
(173, 35, 'Sarman', '', '2021-08-23 12:24:18', '2021-08-23 12:24:18'),
(174, 35, 'Tarbaj', '', '2021-08-23 12:24:18', '2021-08-23 12:24:18'),
(175, 35, 'Wargadud', '', '2021-08-23 12:24:18', '2021-08-23 12:24:18'),
(176, 36, 'Arbajahan', '', '2021-08-23 12:24:18', '2021-08-23 12:24:18'),
(177, 36, 'Hadado/athibohol', '', '2021-08-23 12:24:18', '2021-08-23 12:24:18'),
(178, 36, 'Ademasajide', '', '2021-08-23 12:24:18', '2021-08-23 12:24:18'),
(179, 36, 'Wagalla/ganyure', '', '2021-08-23 12:24:18', '2021-08-23 12:24:18'),
(180, 37, 'Eldas', '', '2021-08-23 12:24:18', '2021-08-23 12:24:18'),
(181, 37, 'Della', '', '2021-08-23 12:24:18', '2021-08-23 12:24:18'),
(182, 37, 'Lakoley South/basir', '', '2021-08-23 12:24:18', '2021-08-23 12:24:18'),
(183, 37, 'Elnur/tula Tula', '', '2021-08-23 12:24:18', '2021-08-23 12:24:18'),
(184, 38, 'Benane', '', '2021-08-23 12:24:18', '2021-08-23 12:24:18'),
(185, 38, 'Burder', '', '2021-08-23 12:24:18', '2021-08-23 12:24:18'),
(186, 38, 'Dadaja Bulla', '', '2021-08-23 12:24:18', '2021-08-23 12:24:18'),
(187, 38, 'Habasswein', '', '2021-08-23 12:24:18', '2021-08-23 12:24:18'),
(188, 38, 'Lagboghol South', '', '2021-08-23 12:24:18', '2021-08-23 12:24:18'),
(189, 38, 'Ibrahim Ure', '', '2021-08-23 12:24:18', '2021-08-23 12:24:18'),
(190, 38, 'Diif', '', '2021-08-23 12:24:18', '2021-08-23 12:24:18'),
(191, 39, 'Takaba South', '', '2021-08-23 12:24:18', '2021-08-23 12:24:18'),
(192, 39, 'Takaba', '', '2021-08-23 12:24:18', '2021-08-23 12:24:18'),
(193, 39, 'Lag Sure', '', '2021-08-23 12:24:18', '2021-08-23 12:24:18'),
(194, 39, 'Dandu', '', '2021-08-23 12:24:18', '2021-08-23 12:24:18'),
(195, 39, 'Gither', '', '2021-08-23 12:24:18', '2021-08-23 12:24:18'),
(196, 40, 'Banissa', '', '2021-08-23 12:24:19', '2021-08-23 12:24:19'),
(197, 40, 'Derkhale', '', '2021-08-23 12:24:19', '2021-08-23 12:24:19'),
(198, 40, 'Guba', '', '2021-08-23 12:24:19', '2021-08-23 12:24:19'),
(199, 40, 'Malkamari', '', '2021-08-23 12:24:19', '2021-08-23 12:24:19'),
(200, 40, 'Kiliwehiri', '', '2021-08-23 12:24:19', '2021-08-23 12:24:19'),
(201, 41, 'Ashabito', '', '2021-08-23 12:24:19', '2021-08-23 12:24:19'),
(202, 41, 'Guticha', '', '2021-08-23 12:24:19', '2021-08-23 12:24:19'),
(203, 41, 'Morothile', '', '2021-08-23 12:24:19', '2021-08-23 12:24:19'),
(204, 41, 'Rhamu', '', '2021-08-23 12:24:19', '2021-08-23 12:24:19'),
(205, 41, 'Rhamu-dimtu', '', '2021-08-23 12:24:19', '2021-08-23 12:24:19'),
(206, 42, 'Wargudud', '', '2021-08-23 12:24:19', '2021-08-23 12:24:19'),
(207, 42, 'Kutulo', '', '2021-08-23 12:24:19', '2021-08-23 12:24:19'),
(208, 42, 'Elwak South', '', '2021-08-23 12:24:19', '2021-08-23 12:24:19'),
(209, 42, 'Elwak North', '', '2021-08-23 12:24:19', '2021-08-23 12:24:19'),
(210, 42, 'Shimbir Fatuma', '', '2021-08-23 12:24:19', '2021-08-23 12:24:19'),
(211, 43, 'Arabia', '', '2021-08-23 12:24:19', '2021-08-23 12:24:19'),
(212, 43, 'Bulla Mpya', '', '2021-08-23 12:24:19', '2021-08-23 12:24:19'),
(213, 43, 'Khalalio', '', '2021-08-23 12:24:19', '2021-08-23 12:24:19'),
(214, 43, 'Neboi', '', '2021-08-23 12:24:19', '2021-08-23 12:24:19'),
(215, 43, 'Township', '', '2021-08-23 12:24:19', '2021-08-23 12:24:19'),
(216, 44, 'Libehia', '', '2021-08-23 12:24:19', '2021-08-23 12:24:19'),
(217, 44, 'Fino', '', '2021-08-23 12:24:19', '2021-08-23 12:24:19'),
(218, 44, 'Lafey', '', '2021-08-23 12:24:19', '2021-08-23 12:24:19'),
(219, 44, 'Warankara', '', '2021-08-23 12:24:19', '2021-08-23 12:24:19'),
(220, 44, 'Alungo Gof', '', '2021-08-23 12:24:19', '2021-08-23 12:24:19'),
(221, 45, 'Butiye', '', '2021-08-23 12:24:19', '2021-08-23 12:24:19'),
(222, 45, 'Sololo', '', '2021-08-23 12:24:19', '2021-08-23 12:24:19'),
(223, 45, 'Heilu-manyatta', '', '2021-08-23 12:24:19', '2021-08-23 12:24:19'),
(224, 45, 'Golbo', '', '2021-08-23 12:24:19', '2021-08-23 12:24:19'),
(225, 45, 'Moyale Township', '', '2021-08-23 12:24:19', '2021-08-23 12:24:19'),
(226, 45, 'Uran', '', '2021-08-23 12:24:19', '2021-08-23 12:24:19'),
(227, 45, 'Obbu', '', '2021-08-23 12:24:19', '2021-08-23 12:24:19'),
(228, 46, 'Illeret', '', '2021-08-23 12:24:19', '2021-08-23 12:24:19'),
(229, 46, 'North Horr', '', '2021-08-23 12:24:19', '2021-08-23 12:24:19'),
(230, 46, 'Dukana', '', '2021-08-23 12:24:19', '2021-08-23 12:24:19'),
(231, 46, 'Maikona', '', '2021-08-23 12:24:19', '2021-08-23 12:24:19'),
(232, 46, 'Turbi', '', '2021-08-23 12:24:19', '2021-08-23 12:24:19'),
(233, 47, 'Sagante/jaldesa', '', '2021-08-23 12:24:19', '2021-08-23 12:24:19'),
(234, 47, 'Karare', '', '2021-08-23 12:24:19', '2021-08-23 12:24:19'),
(235, 47, 'Marsabit Central', '', '2021-08-23 12:24:19', '2021-08-23 12:24:19'),
(236, 48, 'Loiyangalani', '', '2021-08-23 12:24:19', '2021-08-23 12:24:19'),
(237, 48, 'Kargi/south Horr', '', '2021-08-23 12:24:19', '2021-08-23 12:24:19'),
(238, 48, 'Korr/ngurunit', '', '2021-08-23 12:24:19', '2021-08-23 12:24:19'),
(239, 48, 'Log Logo', '', '2021-08-23 12:24:19', '2021-08-23 12:24:19'),
(240, 48, 'Laisamis', '', '2021-08-23 12:24:19', '2021-08-23 12:24:19'),
(241, 49, 'Wabera', '', '2021-08-23 12:24:19', '2021-08-23 12:24:19'),
(242, 49, 'Bulla Pesa', '', '2021-08-23 12:24:19', '2021-08-23 12:24:19'),
(243, 49, 'Chari', '', '2021-08-23 12:24:19', '2021-08-23 12:24:19'),
(244, 49, 'Cherab', '', '2021-08-23 12:24:19', '2021-08-23 12:24:19'),
(245, 49, 'Ngare Mara', '', '2021-08-23 12:24:19', '2021-08-23 12:24:19'),
(246, 49, 'Burat', '', '2021-08-23 12:24:19', '2021-08-23 12:24:19'),
(247, 49, 'Oldonyiro', '', '2021-08-23 12:24:19', '2021-08-23 12:24:19'),
(248, 50, 'Garbatulla', '', '2021-08-23 12:24:19', '2021-08-23 12:24:19'),
(249, 50, 'Kinna', '', '2021-08-23 12:24:19', '2021-08-23 12:24:19'),
(250, 50, 'Sericho', '', '2021-08-23 12:24:19', '2021-08-23 12:24:19'),
(251, 51, 'Maua', '', '2021-08-23 12:24:19', '2021-08-23 12:24:19'),
(252, 51, 'Kiegoi/antubochiu', '', '2021-08-23 12:24:19', '2021-08-23 12:24:19'),
(253, 51, 'Athiru Gaiti', '', '2021-08-23 12:24:19', '2021-08-23 12:24:19'),
(254, 51, 'Akachiu', '', '2021-08-23 12:24:19', '2021-08-23 12:24:19'),
(255, 51, 'Kanuni', '', '2021-08-23 12:24:19', '2021-08-23 12:24:19'),
(256, 52, 'Akirang\'ondu', '', '2021-08-23 12:24:19', '2021-08-23 12:24:19'),
(257, 52, 'Athiru Ruujine', '', '2021-08-23 12:24:19', '2021-08-23 12:24:19'),
(258, 52, 'Igembe East', '', '2021-08-23 12:24:19', '2021-08-23 12:24:19'),
(259, 52, 'Njia', '', '2021-08-23 12:24:19', '2021-08-23 12:24:19'),
(260, 52, 'Kangeta', '', '2021-08-23 12:24:19', '2021-08-23 12:24:19'),
(261, 53, 'Antuambui', '', '2021-08-23 12:24:19', '2021-08-23 12:24:19'),
(262, 53, 'Ntunene', '', '2021-08-23 12:24:19', '2021-08-23 12:24:19'),
(263, 53, 'Antubetwe Kiongo', '', '2021-08-23 12:24:19', '2021-08-23 12:24:19'),
(264, 53, 'Naathu', '', '2021-08-23 12:24:19', '2021-08-23 12:24:19'),
(265, 53, 'Amwathi', '', '2021-08-23 12:24:19', '2021-08-23 12:24:19'),
(266, 54, 'Athwana', '', '2021-08-23 12:24:19', '2021-08-23 12:24:19'),
(267, 54, 'Akithii', '', '2021-08-23 12:24:19', '2021-08-23 12:24:19'),
(268, 54, 'Kianjai', '', '2021-08-23 12:24:19', '2021-08-23 12:24:19'),
(269, 54, 'Nkomo', '', '2021-08-23 12:24:19', '2021-08-23 12:24:19'),
(270, 54, 'Mbeu', '', '2021-08-23 12:24:19', '2021-08-23 12:24:19'),
(271, 55, 'Thangatha', '', '2021-08-23 12:24:19', '2021-08-23 12:24:19'),
(272, 55, 'Mikinduri', '', '2021-08-23 12:24:19', '2021-08-23 12:24:19'),
(273, 55, 'Kiguchwa', '', '2021-08-23 12:24:19', '2021-08-23 12:24:19'),
(274, 55, 'Muthara', '', '2021-08-23 12:24:19', '2021-08-23 12:24:19'),
(275, 55, 'Karama', '', '2021-08-23 12:24:19', '2021-08-23 12:24:19'),
(276, 56, 'Municipality', '', '2021-08-23 12:24:19', '2021-08-23 12:24:19'),
(277, 56, 'Ntima East', '', '2021-08-23 12:24:19', '2021-08-23 12:24:19'),
(278, 56, 'Ntima West', '', '2021-08-23 12:24:19', '2021-08-23 12:24:19'),
(279, 56, 'Nyaki West', '', '2021-08-23 12:24:19', '2021-08-23 12:24:19'),
(280, 56, 'Nyaki East', '', '2021-08-23 12:24:19', '2021-08-23 12:24:19'),
(281, 57, 'Timau', '', '2021-08-23 12:24:19', '2021-08-23 12:24:19'),
(282, 57, 'Kisima', '', '2021-08-23 12:24:19', '2021-08-23 12:24:19'),
(283, 57, 'Kiirua/naari', '', '2021-08-23 12:24:19', '2021-08-23 12:24:19'),
(284, 57, 'Ruiri/rwarera', '', '2021-08-23 12:24:19', '2021-08-23 12:24:19'),
(285, 57, 'Kibirichia', '', '2021-08-23 12:24:19', '2021-08-23 12:24:19'),
(286, 58, 'Mwanganthia', '', '2021-08-23 12:24:19', '2021-08-23 12:24:19'),
(287, 58, 'Abothuguchi Central', '', '2021-08-23 12:24:19', '2021-08-23 12:24:19'),
(288, 58, 'Abothuguchi West', '', '2021-08-23 12:24:19', '2021-08-23 12:24:19'),
(289, 58, 'Kiagu', '', '2021-08-23 12:24:19', '2021-08-23 12:24:19'),
(290, 59, 'Mitunguu', '', '2021-08-23 12:24:19', '2021-08-23 12:24:19'),
(291, 59, 'Igoji East', '', '2021-08-23 12:24:19', '2021-08-23 12:24:19'),
(292, 59, 'Igoji West', '', '2021-08-23 12:24:19', '2021-08-23 12:24:19'),
(293, 59, 'Abogeta East', '', '2021-08-23 12:24:19', '2021-08-23 12:24:19'),
(294, 59, 'Abogeta West', '', '2021-08-23 12:24:19', '2021-08-23 12:24:19'),
(295, 59, 'Nkuene', '', '2021-08-23 12:24:19', '2021-08-23 12:24:19'),
(296, 60, 'Mitheru', '', '2021-08-23 12:24:19', '2021-08-23 12:24:19'),
(297, 60, 'Muthambi', '', '2021-08-23 12:24:19', '2021-08-23 12:24:19'),
(298, 60, 'Mwimbi', '', '2021-08-23 12:24:19', '2021-08-23 12:24:19'),
(299, 60, 'Ganga', '', '2021-08-23 12:24:19', '2021-08-23 12:24:19'),
(300, 60, 'Chogoria', '', '2021-08-23 12:24:19', '2021-08-23 12:24:19'),
(301, 61, 'Mariani', '', '2021-08-23 12:24:19', '2021-08-23 12:24:19'),
(302, 61, 'Karingani', '', '2021-08-23 12:24:19', '2021-08-23 12:24:19'),
(303, 61, 'Magumoni', '', '2021-08-23 12:24:19', '2021-08-23 12:24:19'),
(304, 61, 'Mugwe', '', '2021-08-23 12:24:19', '2021-08-23 12:24:19'),
(305, 61, 'Igambang\'ombe', '', '2021-08-23 12:24:19', '2021-08-23 12:24:19'),
(306, 62, 'Gatunga', '', '2021-08-23 12:24:19', '2021-08-23 12:24:19'),
(307, 62, 'Mukothima', '', '2021-08-23 12:24:19', '2021-08-23 12:24:19'),
(308, 62, 'Nkondi', '', '2021-08-23 12:24:19', '2021-08-23 12:24:19'),
(309, 62, 'Chiakariga', '', '2021-08-23 12:24:19', '2021-08-23 12:24:19'),
(310, 62, 'Marimanti', '', '2021-08-23 12:24:19', '2021-08-23 12:24:19'),
(311, 63, 'Ruguru/ngandori', '', '2021-08-23 12:24:19', '2021-08-23 12:24:19'),
(312, 63, 'Kithimu', '', '2021-08-23 12:24:19', '2021-08-23 12:24:19'),
(313, 63, 'Nginda', '', '2021-08-23 12:24:19', '2021-08-23 12:24:19'),
(314, 63, 'Mbeti North', '', '2021-08-23 12:24:19', '2021-08-23 12:24:19'),
(315, 63, 'Kirimari', '', '2021-08-23 12:24:19', '2021-08-23 12:24:19'),
(316, 63, 'Gaturi South', '', '2021-08-23 12:24:19', '2021-08-23 12:24:19'),
(317, 64, 'Gaturi North', '', '2021-08-23 12:24:19', '2021-08-23 12:24:19'),
(318, 64, 'Kagaari South', '', '2021-08-23 12:24:19', '2021-08-23 12:24:19'),
(319, 64, 'Central  Ward', '', '2021-08-23 12:24:19', '2021-08-23 12:24:19'),
(320, 64, 'Kagaari North', '', '2021-08-23 12:24:19', '2021-08-23 12:24:19'),
(321, 64, 'Kyeni North', '', '2021-08-23 12:24:19', '2021-08-23 12:24:19'),
(322, 64, 'Kyeni South', '', '2021-08-23 12:24:19', '2021-08-23 12:24:19'),
(323, 65, 'Mwea', '', '2021-08-23 12:24:19', '2021-08-23 12:24:19'),
(324, 65, 'Makima', '', '2021-08-23 12:24:19', '2021-08-23 12:24:19'),
(325, 65, 'Mbeti South', '', '2021-08-23 12:24:19', '2021-08-23 12:24:19'),
(326, 65, 'Mavuria', '', '2021-08-23 12:24:19', '2021-08-23 12:24:19'),
(327, 65, 'Kiambere', '', '2021-08-23 12:24:19', '2021-08-23 12:24:19'),
(328, 66, 'Nthawa', '', '2021-08-23 12:24:19', '2021-08-23 12:24:19'),
(329, 66, 'Muminji', '', '2021-08-23 12:24:19', '2021-08-23 12:24:19'),
(330, 66, 'Evurore', '', '2021-08-23 12:24:19', '2021-08-23 12:24:19'),
(331, 67, 'Ngomeni', '', '2021-08-23 12:24:19', '2021-08-23 12:24:19'),
(332, 67, 'Kyuso', '', '2021-08-23 12:24:19', '2021-08-23 12:24:19'),
(333, 67, 'Mumoni', '', '2021-08-23 12:24:19', '2021-08-23 12:24:19'),
(334, 67, 'Tseikuru', '', '2021-08-23 12:24:19', '2021-08-23 12:24:19'),
(335, 67, 'Tharaka', '', '2021-08-23 12:24:19', '2021-08-23 12:24:19'),
(336, 68, 'Kyome/thaana', '', '2021-08-23 12:24:19', '2021-08-23 12:24:19'),
(337, 68, 'Nguutani', '', '2021-08-23 12:24:19', '2021-08-23 12:24:19'),
(338, 68, 'Migwani', '', '2021-08-23 12:24:19', '2021-08-23 12:24:19'),
(339, 68, 'Kiomo/kyethani', '', '2021-08-23 12:24:19', '2021-08-23 12:24:19'),
(340, 69, 'Central', '', '2021-08-23 12:24:19', '2021-08-23 12:24:19'),
(341, 69, 'Kivou', '', '2021-08-23 12:24:19', '2021-08-23 12:24:19'),
(342, 69, 'Nguni', '', '2021-08-23 12:24:19', '2021-08-23 12:24:19'),
(343, 69, 'Nuu', '', '2021-08-23 12:24:19', '2021-08-23 12:24:19'),
(344, 69, 'Mui', '', '2021-08-23 12:24:19', '2021-08-23 12:24:19'),
(345, 69, 'Waita', '', '2021-08-23 12:24:19', '2021-08-23 12:24:19'),
(346, 70, 'Mutonguni', '', '2021-08-23 12:24:19', '2021-08-23 12:24:19'),
(347, 70, 'Kauwi', '', '2021-08-23 12:24:19', '2021-08-23 12:24:19'),
(348, 70, 'Matinyani', '', '2021-08-23 12:24:19', '2021-08-23 12:24:19'),
(349, 70, 'Kwa Mutonga/kithumula', '', '2021-08-23 12:24:19', '2021-08-23 12:24:19'),
(350, 71, 'Kisasi', '', '2021-08-23 12:24:19', '2021-08-23 12:24:19'),
(351, 71, 'Mbitini', '', '2021-08-23 12:24:19', '2021-08-23 12:24:19'),
(352, 71, 'Kwavonza/yatta', '', '2021-08-23 12:24:19', '2021-08-23 12:24:19'),
(353, 71, 'Kanyangi', '', '2021-08-23 12:24:19', '2021-08-23 12:24:19'),
(354, 72, 'Miambani', '', '2021-08-23 12:24:19', '2021-08-23 12:24:19'),
(355, 72, 'Township', '', '2021-08-23 12:24:19', '2021-08-23 12:24:19'),
(356, 72, 'Kyangwithya West', '', '2021-08-23 12:24:19', '2021-08-23 12:24:19'),
(357, 72, 'Mulango', '', '2021-08-23 12:24:19', '2021-08-23 12:24:19'),
(358, 72, 'Kyangwithya East', '', '2021-08-23 12:24:19', '2021-08-23 12:24:19'),
(359, 73, 'Zombe/mwitika', '', '2021-08-23 12:24:19', '2021-08-23 12:24:19'),
(360, 73, 'Chuluni', '', '2021-08-23 12:24:19', '2021-08-23 12:24:19'),
(361, 73, 'Nzambani', '', '2021-08-23 12:24:19', '2021-08-23 12:24:19'),
(362, 73, 'Voo/kyamatu', '', '2021-08-23 12:24:19', '2021-08-23 12:24:19'),
(363, 73, 'Endau/malalani', '', '2021-08-23 12:24:19', '2021-08-23 12:24:19'),
(364, 73, 'Mutito/kaliku', '', '2021-08-23 12:24:19', '2021-08-23 12:24:19'),
(365, 74, 'Ikanga/kyatune', '', '2021-08-23 12:24:19', '2021-08-23 12:24:19'),
(366, 74, 'Mutomo', '', '2021-08-23 12:24:19', '2021-08-23 12:24:19'),
(367, 74, 'Mutha', '', '2021-08-23 12:24:19', '2021-08-23 12:24:19'),
(368, 74, 'Ikutha', '', '2021-08-23 12:24:19', '2021-08-23 12:24:19'),
(369, 74, 'Kanziko', '', '2021-08-23 12:24:19', '2021-08-23 12:24:19'),
(370, 74, 'Athi', '', '2021-08-23 12:24:19', '2021-08-23 12:24:19'),
(371, 75, 'Kivaa', '', '2021-08-23 12:24:19', '2021-08-23 12:24:19'),
(372, 75, 'Masinga Central', '', '2021-08-23 12:24:19', '2021-08-23 12:24:19'),
(373, 75, 'Ekalakala', '', '2021-08-23 12:24:19', '2021-08-23 12:24:19'),
(374, 75, 'Muthesya', '', '2021-08-23 12:24:19', '2021-08-23 12:24:19'),
(375, 75, 'Ndithini', '', '2021-08-23 12:24:19', '2021-08-23 12:24:19'),
(376, 76, 'Ndalani', '', '2021-08-23 12:24:19', '2021-08-23 12:24:19'),
(377, 76, 'Matuu', '', '2021-08-23 12:24:19', '2021-08-23 12:24:19'),
(378, 76, 'Kithimani', '', '2021-08-23 12:24:19', '2021-08-23 12:24:19'),
(379, 76, 'Ikombe', '', '2021-08-23 12:24:19', '2021-08-23 12:24:19'),
(380, 76, 'Katangi', '', '2021-08-23 12:24:19', '2021-08-23 12:24:19'),
(381, 77, 'Kangundo North', '', '2021-08-23 12:24:19', '2021-08-23 12:24:19'),
(382, 77, 'Kangundo Central', '', '2021-08-23 12:24:19', '2021-08-23 12:24:19'),
(383, 77, 'Kangundo East', '', '2021-08-23 12:24:19', '2021-08-23 12:24:19'),
(384, 77, 'Kangundo West', '', '2021-08-23 12:24:19', '2021-08-23 12:24:19'),
(385, 78, 'Tala', '', '2021-08-23 12:24:19', '2021-08-23 12:24:19'),
(386, 78, 'Matungulu North', '', '2021-08-23 12:24:19', '2021-08-23 12:24:19'),
(387, 78, 'Matungulu East', '', '2021-08-23 12:24:19', '2021-08-23 12:24:19'),
(388, 78, 'Matungulu West', '', '2021-08-23 12:24:19', '2021-08-23 12:24:19'),
(389, 78, 'Kyeleni', '', '2021-08-23 12:24:19', '2021-08-23 12:24:19'),
(390, 79, 'Mitaboni', '', '2021-08-23 12:24:19', '2021-08-23 12:24:19'),
(391, 79, 'Kathiani Central', '', '2021-08-23 12:24:19', '2021-08-23 12:24:19'),
(392, 79, 'Upper Kaewa/iveti', '', '2021-08-23 12:24:19', '2021-08-23 12:24:19'),
(393, 79, 'Lower Kaewa/kaani', '', '2021-08-23 12:24:19', '2021-08-23 12:24:19'),
(394, 80, 'Athi River', '', '2021-08-23 12:24:19', '2021-08-23 12:24:19'),
(395, 80, 'Kinanie', '', '2021-08-23 12:24:19', '2021-08-23 12:24:19'),
(396, 80, 'Muthwani', '', '2021-08-23 12:24:19', '2021-08-23 12:24:19'),
(397, 80, 'Syokimau/mulolongo', '', '2021-08-23 12:24:19', '2021-08-23 12:24:19'),
(398, 81, 'Kalama', '', '2021-08-23 12:24:19', '2021-08-23 12:24:19'),
(399, 81, 'Mua', '', '2021-08-23 12:24:19', '2021-08-23 12:24:19'),
(400, 81, 'Mutituni', '', '2021-08-23 12:24:19', '2021-08-23 12:24:19'),
(401, 81, 'Machakos Central', '', '2021-08-23 12:24:19', '2021-08-23 12:24:19'),
(402, 81, 'Mumbuni North', '', '2021-08-23 12:24:19', '2021-08-23 12:24:19'),
(403, 81, 'Muvuti/kiima-kimwe', '', '2021-08-23 12:24:19', '2021-08-23 12:24:19'),
(404, 81, 'Kola', '', '2021-08-23 12:24:19', '2021-08-23 12:24:19'),
(405, 82, 'Mbiuni', '', '2021-08-23 12:24:19', '2021-08-23 12:24:19'),
(406, 82, 'Makutano/ Mwala', '', '2021-08-23 12:24:19', '2021-08-23 12:24:19'),
(407, 82, 'Masii', '', '2021-08-23 12:24:19', '2021-08-23 12:24:19'),
(408, 82, 'Muthetheni', '', '2021-08-23 12:24:19', '2021-08-23 12:24:19'),
(409, 82, 'Wamunyu', '', '2021-08-23 12:24:19', '2021-08-23 12:24:19'),
(410, 82, 'Kibauni', '', '2021-08-23 12:24:19', '2021-08-23 12:24:19'),
(411, 83, 'Tulimani', '', '2021-08-23 12:24:19', '2021-08-23 12:24:19'),
(412, 83, 'Mbooni', '', '2021-08-23 12:24:19', '2021-08-23 12:24:19'),
(413, 83, 'Kithungo/kitundu', '', '2021-08-23 12:24:19', '2021-08-23 12:24:19'),
(414, 83, 'Kisau/kiteta', '', '2021-08-23 12:24:19', '2021-08-23 12:24:19'),
(415, 83, 'Waia/kako', '', '2021-08-23 12:24:19', '2021-08-23 12:24:19'),
(416, 83, 'Kalawa', '', '2021-08-23 12:24:19', '2021-08-23 12:24:19'),
(417, 84, 'Kasikeu', '', '2021-08-23 12:24:19', '2021-08-23 12:24:19'),
(418, 84, 'Mukaa', '', '2021-08-23 12:24:19', '2021-08-23 12:24:19'),
(419, 84, 'Kiima Kiu/kalanzoni', '', '2021-08-23 12:24:19', '2021-08-23 12:24:19'),
(420, 85, 'Ukia', '', '2021-08-23 12:24:19', '2021-08-23 12:24:19'),
(421, 85, 'Kee', '', '2021-08-23 12:24:19', '2021-08-23 12:24:19'),
(422, 85, 'Kilungu', '', '2021-08-23 12:24:19', '2021-08-23 12:24:19'),
(423, 85, 'Ilima', '', '2021-08-23 12:24:19', '2021-08-23 12:24:19'),
(424, 86, 'Wote', '', '2021-08-23 12:24:19', '2021-08-23 12:24:19'),
(425, 86, 'Muvau/kikuumini', '', '2021-08-23 12:24:19', '2021-08-23 12:24:19'),
(426, 86, 'Mavindini', '', '2021-08-23 12:24:19', '2021-08-23 12:24:19'),
(427, 86, 'Kitise/kithuki', '', '2021-08-23 12:24:19', '2021-08-23 12:24:19'),
(428, 86, 'Kathonzweni', '', '2021-08-23 12:24:19', '2021-08-23 12:24:19'),
(429, 86, 'Nzaui/kilili/kalamba', '', '2021-08-23 12:24:19', '2021-08-23 12:24:19'),
(430, 86, 'Mbitini', '', '2021-08-23 12:24:19', '2021-08-23 12:24:19'),
(431, 87, 'Makindu', '', '2021-08-23 12:24:19', '2021-08-23 12:24:19'),
(432, 87, 'Nguumo', '', '2021-08-23 12:24:19', '2021-08-23 12:24:19'),
(433, 87, 'Kikumbulyu North', '', '2021-08-23 12:24:19', '2021-08-23 12:24:19'),
(434, 87, 'Kikumbulyu South', '', '2021-08-23 12:24:19', '2021-08-23 12:24:19'),
(435, 87, 'Nguu/masumba', '', '2021-08-23 12:24:19', '2021-08-23 12:24:19'),
(436, 87, 'Emali/mulala', '', '2021-08-23 12:24:19', '2021-08-23 12:24:19'),
(437, 88, 'Masongaleni', '', '2021-08-23 12:24:19', '2021-08-23 12:24:19'),
(438, 88, 'Mtito Andei', '', '2021-08-23 12:24:19', '2021-08-23 12:24:19'),
(439, 88, 'Thange', '', '2021-08-23 12:24:19', '2021-08-23 12:24:19'),
(440, 88, 'Ivingoni/nzambani', '', '2021-08-23 12:24:19', '2021-08-23 12:24:19'),
(441, 89, 'Engineer', '', '2021-08-23 12:24:19', '2021-08-23 12:24:19'),
(442, 89, 'Gathara', '', '2021-08-23 12:24:19', '2021-08-23 12:24:19'),
(443, 89, 'North Kinangop', '', '2021-08-23 12:24:19', '2021-08-23 12:24:19'),
(444, 89, 'Murungaru', '', '2021-08-23 12:24:19', '2021-08-23 12:24:19'),
(445, 89, 'Njabini\\kiburu', '', '2021-08-23 12:24:19', '2021-08-23 12:24:19'),
(446, 89, 'Nyakio', '', '2021-08-23 12:24:19', '2021-08-23 12:24:19'),
(447, 89, 'Githabai', '', '2021-08-23 12:24:19', '2021-08-23 12:24:19'),
(448, 89, 'Magumu', '', '2021-08-23 12:24:19', '2021-08-23 12:24:19'),
(449, 90, 'Wanjohi', '', '2021-08-23 12:24:19', '2021-08-23 12:24:19'),
(450, 90, 'Kipipiri', '', '2021-08-23 12:24:19', '2021-08-23 12:24:19'),
(451, 90, 'Geta', '', '2021-08-23 12:24:19', '2021-08-23 12:24:19'),
(452, 90, 'Githioro', '', '2021-08-23 12:24:19', '2021-08-23 12:24:19'),
(453, 91, 'Karau', '', '2021-08-23 12:24:19', '2021-08-23 12:24:19'),
(454, 91, 'Kanjuiri Ridge', '', '2021-08-23 12:24:19', '2021-08-23 12:24:19'),
(455, 91, 'Mirangine', '', '2021-08-23 12:24:19', '2021-08-23 12:24:19'),
(456, 91, 'Kaimbaga', '', '2021-08-23 12:24:19', '2021-08-23 12:24:19'),
(457, 91, 'Rurii', '', '2021-08-23 12:24:19', '2021-08-23 12:24:19'),
(458, 92, 'Gathanji', '', '2021-08-23 12:24:19', '2021-08-23 12:24:19'),
(459, 92, 'Gatimu', '', '2021-08-23 12:24:19', '2021-08-23 12:24:19'),
(460, 92, 'Weru', '', '2021-08-23 12:24:19', '2021-08-23 12:24:19'),
(461, 92, 'Charagita', '', '2021-08-23 12:24:19', '2021-08-23 12:24:19'),
(462, 93, 'Leshau Pondo', '', '2021-08-23 12:24:19', '2021-08-23 12:24:19'),
(463, 93, 'Kiriita', '', '2021-08-23 12:24:19', '2021-08-23 12:24:19'),
(464, 93, 'Central', '', '2021-08-23 12:24:19', '2021-08-23 12:24:19'),
(465, 93, 'Shamata', '', '2021-08-23 12:24:19', '2021-08-23 12:24:19'),
(466, 94, 'Dedan Kimanthi', '', '2021-08-23 12:24:19', '2021-08-23 12:24:19'),
(467, 94, 'Wamagana', '', '2021-08-23 12:24:19', '2021-08-23 12:24:19'),
(468, 94, 'Aguthi/gaaki', '', '2021-08-23 12:24:19', '2021-08-23 12:24:19'),
(469, 95, 'Mweiga', '', '2021-08-23 12:24:19', '2021-08-23 12:24:19'),
(470, 95, 'Naromoru Kiamathaga', '', '2021-08-23 12:24:19', '2021-08-23 12:24:19'),
(471, 95, 'Mwiyogo/endarasha', '', '2021-08-23 12:24:19', '2021-08-23 12:24:19'),
(472, 95, 'Mugunda', '', '2021-08-23 12:24:19', '2021-08-23 12:24:19'),
(473, 95, 'Gatarakwa', '', '2021-08-23 12:24:19', '2021-08-23 12:24:19'),
(474, 95, 'Thegu River', '', '2021-08-23 12:24:19', '2021-08-23 12:24:19'),
(475, 95, 'Kabaru', '', '2021-08-23 12:24:19', '2021-08-23 12:24:19'),
(476, 95, 'Gakawa', '', '2021-08-23 12:24:19', '2021-08-23 12:24:19'),
(477, 96, 'Ruguru', '', '2021-08-23 12:24:19', '2021-08-23 12:24:19'),
(478, 96, 'Magutu', '', '2021-08-23 12:24:19', '2021-08-23 12:24:19'),
(479, 96, 'Iriaini', '', '2021-08-23 12:24:19', '2021-08-23 12:24:19'),
(480, 96, 'Konyu', '', '2021-08-23 12:24:19', '2021-08-23 12:24:19'),
(481, 96, 'Kirimukuyu', '', '2021-08-23 12:24:19', '2021-08-23 12:24:19'),
(482, 96, 'Karatina Town', '', '2021-08-23 12:24:19', '2021-08-23 12:24:19'),
(483, 97, 'Mahiga', '', '2021-08-23 12:24:19', '2021-08-23 12:24:19'),
(484, 97, 'Iria-ini', '', '2021-08-23 12:24:19', '2021-08-23 12:24:19'),
(485, 97, 'Chinga', '', '2021-08-23 12:24:19', '2021-08-23 12:24:19'),
(486, 97, 'Karima', '', '2021-08-23 12:24:19', '2021-08-23 12:24:19'),
(487, 98, 'Gikondi', '', '2021-08-23 12:24:19', '2021-08-23 12:24:19'),
(488, 98, 'Rugi', '', '2021-08-23 12:24:19', '2021-08-23 12:24:19'),
(489, 98, 'Mukurwe-ini West', '', '2021-08-23 12:24:19', '2021-08-23 12:24:19'),
(490, 98, 'Mukurwe-ini Central', '', '2021-08-23 12:24:19', '2021-08-23 12:24:19'),
(491, 99, 'Kiganjo/mathari', '', '2021-08-23 12:24:19', '2021-08-23 12:24:19'),
(492, 99, 'Rware', '', '2021-08-23 12:24:19', '2021-08-23 12:24:19'),
(493, 99, 'Gatitu/muruguru', '', '2021-08-23 12:24:19', '2021-08-23 12:24:19'),
(494, 99, 'Ruring\'u', '', '2021-08-23 12:24:19', '2021-08-23 12:24:19'),
(495, 99, 'Kamakwa/mukaro', '', '2021-08-23 12:24:19', '2021-08-23 12:24:19'),
(496, 100, 'Mutithi', '', '2021-08-23 12:24:19', '2021-08-23 12:24:19'),
(497, 100, 'Kangai', '', '2021-08-23 12:24:19', '2021-08-23 12:24:19'),
(498, 100, 'Thiba', '', '2021-08-23 12:24:19', '2021-08-23 12:24:19'),
(499, 100, 'Wamumu', '', '2021-08-23 12:24:19', '2021-08-23 12:24:19'),
(500, 100, 'Nyangati', '', '2021-08-23 12:24:19', '2021-08-23 12:24:19'),
(501, 100, 'Murinduko', '', '2021-08-23 12:24:19', '2021-08-23 12:24:19'),
(502, 100, 'Gathigiriri', '', '2021-08-23 12:24:19', '2021-08-23 12:24:19'),
(503, 100, 'Tebere', '', '2021-08-23 12:24:19', '2021-08-23 12:24:19'),
(504, 101, 'Kabare', '', '2021-08-23 12:24:19', '2021-08-23 12:24:19'),
(505, 101, 'Baragwi', '', '2021-08-23 12:24:19', '2021-08-23 12:24:19'),
(506, 101, 'Njukiini', '', '2021-08-23 12:24:19', '2021-08-23 12:24:19'),
(507, 101, 'Ngariama', '', '2021-08-23 12:24:19', '2021-08-23 12:24:19'),
(508, 101, 'Karumandi', '', '2021-08-23 12:24:19', '2021-08-23 12:24:19'),
(509, 102, 'Mukure', '', '2021-08-23 12:24:19', '2021-08-23 12:24:19'),
(510, 102, 'Kiine', '', '2021-08-23 12:24:19', '2021-08-23 12:24:19'),
(511, 102, 'Kariti', '', '2021-08-23 12:24:19', '2021-08-23 12:24:19'),
(512, 103, 'Mutira', '', '2021-08-23 12:24:19', '2021-08-23 12:24:19'),
(513, 103, 'Kanyeki-ini', '', '2021-08-23 12:24:19', '2021-08-23 12:24:19'),
(514, 103, 'Kerugoya', '', '2021-08-23 12:24:19', '2021-08-23 12:24:19'),
(515, 103, 'Inoi', '', '2021-08-23 12:24:19', '2021-08-23 12:24:19'),
(516, 104, 'Kanyenyaini', '', '2021-08-23 12:24:19', '2021-08-23 12:24:19'),
(517, 104, 'Muguru', '', '2021-08-23 12:24:19', '2021-08-23 12:24:19'),
(518, 104, 'Rwathia', '', '2021-08-23 12:24:19', '2021-08-23 12:24:19'),
(519, 105, 'Gitugi', '', '2021-08-23 12:24:19', '2021-08-23 12:24:19'),
(520, 105, 'Kiru', '', '2021-08-23 12:24:19', '2021-08-23 12:24:19'),
(521, 105, 'Kamacharia', '', '2021-08-23 12:24:19', '2021-08-23 12:24:19'),
(522, 106, 'Wangu', '', '2021-08-23 12:24:19', '2021-08-23 12:24:19'),
(523, 106, 'Mugoiri', '', '2021-08-23 12:24:19', '2021-08-23 12:24:19'),
(524, 106, 'Mbiri', '', '2021-08-23 12:24:19', '2021-08-23 12:24:19'),
(525, 106, 'Township', '', '2021-08-23 12:24:19', '2021-08-23 12:24:19'),
(526, 106, 'Murarandia', '', '2021-08-23 12:24:19', '2021-08-23 12:24:19'),
(527, 106, 'Gaturi', '', '2021-08-23 12:24:19', '2021-08-23 12:24:19'),
(528, 107, 'Kahumbu', '', '2021-08-23 12:24:19', '2021-08-23 12:24:19'),
(529, 107, 'Muthithi', '', '2021-08-23 12:24:19', '2021-08-23 12:24:19'),
(530, 107, 'Kigumo', '', '2021-08-23 12:24:19', '2021-08-23 12:24:19'),
(531, 107, 'Kangari', '', '2021-08-23 12:24:19', '2021-08-23 12:24:19'),
(532, 107, 'Kinyona', '', '2021-08-23 12:24:19', '2021-08-23 12:24:19'),
(533, 108, 'Kimorori/wempa', '', '2021-08-23 12:24:19', '2021-08-23 12:24:19'),
(534, 108, 'Makuyu', '', '2021-08-23 12:24:19', '2021-08-23 12:24:19'),
(535, 108, 'Kambiti', '', '2021-08-23 12:24:19', '2021-08-23 12:24:19'),
(536, 108, 'Kamahuha', '', '2021-08-23 12:24:19', '2021-08-23 12:24:19'),
(537, 108, 'Ichagaki', '', '2021-08-23 12:24:19', '2021-08-23 12:24:19'),
(538, 108, 'Nginda', '', '2021-08-23 12:24:19', '2021-08-23 12:24:19'),
(539, 109, 'Ng\'araria', '', '2021-08-23 12:24:19', '2021-08-23 12:24:19'),
(540, 109, 'Muruka', '', '2021-08-23 12:24:19', '2021-08-23 12:24:19'),
(541, 109, 'Kagundu-ini', '', '2021-08-23 12:24:19', '2021-08-23 12:24:19'),
(542, 109, 'Gaichanjiru', '', '2021-08-23 12:24:19', '2021-08-23 12:24:19'),
(543, 109, 'Ithiru', '', '2021-08-23 12:24:19', '2021-08-23 12:24:19'),
(544, 109, 'Ruchu', '', '2021-08-23 12:24:19', '2021-08-23 12:24:19'),
(545, 110, 'Ithanga', '', '2021-08-23 12:24:20', '2021-08-23 12:24:20'),
(546, 110, 'Kakuzi/mitubiri', '', '2021-08-23 12:24:20', '2021-08-23 12:24:20'),
(547, 110, 'Mugumo-ini', '', '2021-08-23 12:24:20', '2021-08-23 12:24:20'),
(548, 110, 'Kihumbu-ini', '', '2021-08-23 12:24:20', '2021-08-23 12:24:20'),
(549, 110, 'Gatanga', '', '2021-08-23 12:24:20', '2021-08-23 12:24:20'),
(550, 110, 'Kariara', '', '2021-08-23 12:24:20', '2021-08-23 12:24:20'),
(551, 111, 'Kiamwangi', '', '2021-08-23 12:24:20', '2021-08-23 12:24:20'),
(552, 111, 'Kiganjo', '', '2021-08-23 12:24:20', '2021-08-23 12:24:20'),
(553, 111, 'Ndarugu', '', '2021-08-23 12:24:20', '2021-08-23 12:24:20'),
(554, 111, 'Ngenda', '', '2021-08-23 12:24:20', '2021-08-23 12:24:20'),
(555, 112, 'Gituamba', '', '2021-08-23 12:24:20', '2021-08-23 12:24:20'),
(556, 112, 'Githobokoni', '', '2021-08-23 12:24:20', '2021-08-23 12:24:20'),
(557, 112, 'Chania', '', '2021-08-23 12:24:20', '2021-08-23 12:24:20'),
(558, 112, 'Mang\'u', '', '2021-08-23 12:24:20', '2021-08-23 12:24:20'),
(559, 113, 'Murera', '', '2021-08-23 12:24:20', '2021-08-23 12:24:20'),
(560, 113, 'Theta', '', '2021-08-23 12:24:20', '2021-08-23 12:24:20'),
(561, 113, 'Juja', '', '2021-08-23 12:24:20', '2021-08-23 12:24:20'),
(562, 113, 'Witeithie', '', '2021-08-23 12:24:20', '2021-08-23 12:24:20'),
(563, 113, 'Kalimoni', '', '2021-08-23 12:24:20', '2021-08-23 12:24:20'),
(564, 114, 'Township', '', '2021-08-23 12:24:20', '2021-08-23 12:24:20'),
(565, 114, 'Kamenu', '', '2021-08-23 12:24:20', '2021-08-23 12:24:20'),
(566, 114, 'Hospital', '', '2021-08-23 12:24:20', '2021-08-23 12:24:20'),
(567, 114, 'Gatuanyaga', '', '2021-08-23 12:24:20', '2021-08-23 12:24:20'),
(568, 114, 'Ngoliba', '', '2021-08-23 12:24:20', '2021-08-23 12:24:20'),
(569, 115, 'Gitothua', '', '2021-08-23 12:24:20', '2021-08-23 12:24:20'),
(570, 115, 'Biashara', '', '2021-08-23 12:24:20', '2021-08-23 12:24:20'),
(571, 115, 'Gatongora', '', '2021-08-23 12:24:20', '2021-08-23 12:24:20'),
(572, 115, 'Kahawa Sukari', '', '2021-08-23 12:24:20', '2021-08-23 12:24:20'),
(573, 115, 'Kahawa Wendani', '', '2021-08-23 12:24:20', '2021-08-23 12:24:20'),
(574, 115, 'Kiuu', '', '2021-08-23 12:24:20', '2021-08-23 12:24:20'),
(575, 115, 'Mwiki', '', '2021-08-23 12:24:20', '2021-08-23 12:24:20'),
(576, 115, 'Mwihoko', '', '2021-08-23 12:24:20', '2021-08-23 12:24:20'),
(577, 116, 'Githunguri', '', '2021-08-23 12:24:20', '2021-08-23 12:24:20'),
(578, 116, 'Githiga', '', '2021-08-23 12:24:20', '2021-08-23 12:24:20'),
(579, 116, 'Ikinu', '', '2021-08-23 12:24:20', '2021-08-23 12:24:20'),
(580, 116, 'Ngewa', '', '2021-08-23 12:24:20', '2021-08-23 12:24:20'),
(581, 116, 'Komothai', '', '2021-08-23 12:24:20', '2021-08-23 12:24:20'),
(582, 117, 'Ting\'ang\'a', '', '2021-08-23 12:24:20', '2021-08-23 12:24:20'),
(583, 117, 'Ndumberi', '', '2021-08-23 12:24:20', '2021-08-23 12:24:20'),
(584, 117, 'Riabai', '', '2021-08-23 12:24:20', '2021-08-23 12:24:20'),
(585, 117, 'Township', '', '2021-08-23 12:24:20', '2021-08-23 12:24:20'),
(586, 118, 'Cianda', '', '2021-08-23 12:24:20', '2021-08-23 12:24:20'),
(587, 118, 'Karuri', '', '2021-08-23 12:24:20', '2021-08-23 12:24:20'),
(588, 118, 'Ndenderu', '', '2021-08-23 12:24:20', '2021-08-23 12:24:20'),
(589, 118, 'Muchatha', '', '2021-08-23 12:24:20', '2021-08-23 12:24:20'),
(590, 118, 'Kihara', '', '2021-08-23 12:24:20', '2021-08-23 12:24:20'),
(591, 119, 'Gitaru', '', '2021-08-23 12:24:20', '2021-08-23 12:24:20'),
(592, 119, 'Muguga', '', '2021-08-23 12:24:20', '2021-08-23 12:24:20'),
(593, 119, 'Nyadhuna', '', '2021-08-23 12:24:20', '2021-08-23 12:24:20'),
(594, 119, 'Kabete', '', '2021-08-23 12:24:20', '2021-08-23 12:24:20'),
(595, 119, 'Uthiru', '', '2021-08-23 12:24:20', '2021-08-23 12:24:20'),
(596, 120, 'Karai', '', '2021-08-23 12:24:20', '2021-08-23 12:24:20'),
(597, 120, 'Nachu', '', '2021-08-23 12:24:20', '2021-08-23 12:24:20'),
(598, 120, 'Sigona', '', '2021-08-23 12:24:20', '2021-08-23 12:24:20'),
(599, 120, 'Kikuyu', '', '2021-08-23 12:24:20', '2021-08-23 12:24:20'),
(600, 120, 'Kinoo', '', '2021-08-23 12:24:20', '2021-08-23 12:24:20'),
(601, 121, 'Bibirioni', '', '2021-08-23 12:24:20', '2021-08-23 12:24:20'),
(602, 121, 'Limuru Central', '', '2021-08-23 12:24:20', '2021-08-23 12:24:20'),
(603, 121, 'Ndeiya', '', '2021-08-23 12:24:20', '2021-08-23 12:24:20'),
(604, 121, 'Limuru East', '', '2021-08-23 12:24:20', '2021-08-23 12:24:20'),
(605, 121, 'Ngecha Tigoni', '', '2021-08-23 12:24:20', '2021-08-23 12:24:20'),
(606, 122, 'Kinale', '', '2021-08-23 12:24:20', '2021-08-23 12:24:20'),
(607, 122, 'Kijabe', '', '2021-08-23 12:24:20', '2021-08-23 12:24:20'),
(608, 122, 'Nyanduma', '', '2021-08-23 12:24:20', '2021-08-23 12:24:20'),
(609, 122, 'Kamburu', '', '2021-08-23 12:24:20', '2021-08-23 12:24:20'),
(610, 122, 'Lari/kirenga', '', '2021-08-23 12:24:20', '2021-08-23 12:24:20'),
(611, 123, 'Kaeris', '', '2021-08-23 12:24:20', '2021-08-23 12:24:20'),
(612, 123, 'Lake Zone', '', '2021-08-23 12:24:20', '2021-08-23 12:24:20'),
(613, 123, 'Lapur', '', '2021-08-23 12:24:20', '2021-08-23 12:24:20'),
(614, 123, 'Kaaleng/kaikor', '', '2021-08-23 12:24:20', '2021-08-23 12:24:20'),
(615, 123, 'Kibish', '', '2021-08-23 12:24:20', '2021-08-23 12:24:20'),
(616, 123, 'Nakalale', '', '2021-08-23 12:24:20', '2021-08-23 12:24:20'),
(617, 124, 'Kakuma', '', '2021-08-23 12:24:20', '2021-08-23 12:24:20'),
(618, 124, 'Lopur', '', '2021-08-23 12:24:20', '2021-08-23 12:24:20'),
(619, 124, 'Letea', '', '2021-08-23 12:24:20', '2021-08-23 12:24:20'),
(620, 124, 'Songot', '', '2021-08-23 12:24:20', '2021-08-23 12:24:20'),
(621, 124, 'Kalobeyei', '', '2021-08-23 12:24:20', '2021-08-23 12:24:20'),
(622, 124, 'Lokichoggio', '', '2021-08-23 12:24:20', '2021-08-23 12:24:20'),
(623, 124, 'Nanaam', '', '2021-08-23 12:24:20', '2021-08-23 12:24:20'),
(624, 125, 'Kerio Delta', '', '2021-08-23 12:24:20', '2021-08-23 12:24:20'),
(625, 125, 'Kang\'atotha', '', '2021-08-23 12:24:20', '2021-08-23 12:24:20'),
(626, 125, 'Kalokol', '', '2021-08-23 12:24:20', '2021-08-23 12:24:20'),
(627, 125, 'Lodwar Township', '', '2021-08-23 12:24:20', '2021-08-23 12:24:20'),
(628, 125, 'Kanamkemer', '', '2021-08-23 12:24:20', '2021-08-23 12:24:20'),
(629, 126, 'Kotaruk/lobei', '', '2021-08-23 12:24:20', '2021-08-23 12:24:20'),
(630, 126, 'Turkwel', '', '2021-08-23 12:24:20', '2021-08-23 12:24:20'),
(631, 126, 'Loima', '', '2021-08-23 12:24:20', '2021-08-23 12:24:20'),
(632, 126, 'Lokiriama/lorengippi', '', '2021-08-23 12:24:20', '2021-08-23 12:24:20'),
(633, 127, 'Kaputir', '', '2021-08-23 12:24:20', '2021-08-23 12:24:20'),
(634, 127, 'Katilu', '', '2021-08-23 12:24:20', '2021-08-23 12:24:20'),
(635, 127, 'Lobokat', '', '2021-08-23 12:24:20', '2021-08-23 12:24:20'),
(636, 127, 'Kalapata', '', '2021-08-23 12:24:20', '2021-08-23 12:24:20'),
(637, 127, 'Lokichar', '', '2021-08-23 12:24:20', '2021-08-23 12:24:20'),
(638, 128, 'Kapedo/napeitom', '', '2021-08-23 12:24:20', '2021-08-23 12:24:20'),
(639, 128, 'Katilia', '', '2021-08-23 12:24:20', '2021-08-23 12:24:20'),
(640, 128, 'Lokori/kochodin', '', '2021-08-23 12:24:20', '2021-08-23 12:24:20'),
(641, 129, 'Riwo', '', '2021-08-23 12:24:20', '2021-08-23 12:24:20'),
(642, 129, 'Kapenguria', '', '2021-08-23 12:24:20', '2021-08-23 12:24:20'),
(643, 129, 'Mnagei', '', '2021-08-23 12:24:20', '2021-08-23 12:24:20'),
(644, 129, 'Siyoi', '', '2021-08-23 12:24:20', '2021-08-23 12:24:20'),
(645, 129, 'Endugh', '', '2021-08-23 12:24:20', '2021-08-23 12:24:20'),
(646, 129, 'Sook', '', '2021-08-23 12:24:20', '2021-08-23 12:24:20'),
(647, 130, 'Sekerr', '', '2021-08-23 12:24:20', '2021-08-23 12:24:20'),
(648, 130, 'Masool', '', '2021-08-23 12:24:20', '2021-08-23 12:24:20'),
(649, 130, 'Lomut', '', '2021-08-23 12:24:20', '2021-08-23 12:24:20'),
(650, 130, 'Weiwei', '', '2021-08-23 12:24:20', '2021-08-23 12:24:20'),
(651, 131, 'Suam', '', '2021-08-23 12:24:20', '2021-08-23 12:24:20'),
(652, 131, 'Kodich', '', '2021-08-23 12:24:20', '2021-08-23 12:24:20'),
(653, 131, 'Kapckok', '', '2021-08-23 12:24:20', '2021-08-23 12:24:20'),
(654, 131, 'Kasei', '', '2021-08-23 12:24:20', '2021-08-23 12:24:20'),
(655, 131, 'Kiwawa', '', '2021-08-23 12:24:20', '2021-08-23 12:24:20'),
(656, 131, 'Alale', '', '2021-08-23 12:24:20', '2021-08-23 12:24:20'),
(657, 132, 'Chepareria', '', '2021-08-23 12:24:20', '2021-08-23 12:24:20'),
(658, 132, 'Batei', '', '2021-08-23 12:24:20', '2021-08-23 12:24:20'),
(659, 132, 'Lelan', '', '2021-08-23 12:24:20', '2021-08-23 12:24:20'),
(660, 132, 'Tapach', '', '2021-08-23 12:24:20', '2021-08-23 12:24:20'),
(661, 133, 'Lodokejek', '', '2021-08-23 12:24:20', '2021-08-23 12:24:20'),
(662, 133, 'Suguta Marmar', '', '2021-08-23 12:24:20', '2021-08-23 12:24:20'),
(663, 133, 'Maralal', '', '2021-08-23 12:24:20', '2021-08-23 12:24:20'),
(664, 133, 'Loosuk', '', '2021-08-23 12:24:20', '2021-08-23 12:24:20'),
(665, 133, 'Poro', '', '2021-08-23 12:24:20', '2021-08-23 12:24:20'),
(666, 134, 'El-barta', '', '2021-08-23 12:24:20', '2021-08-23 12:24:20'),
(667, 134, 'Nachola', '', '2021-08-23 12:24:20', '2021-08-23 12:24:20'),
(668, 134, 'Ndoto', '', '2021-08-23 12:24:20', '2021-08-23 12:24:20'),
(669, 134, 'Nyiro', '', '2021-08-23 12:24:20', '2021-08-23 12:24:20'),
(670, 134, 'Angata Nanyokie', '', '2021-08-23 12:24:20', '2021-08-23 12:24:20'),
(671, 134, 'Baawa', '', '2021-08-23 12:24:20', '2021-08-23 12:24:20'),
(672, 135, 'Waso', '', '2021-08-23 12:24:20', '2021-08-23 12:24:20'),
(673, 135, 'Wamba West', '', '2021-08-23 12:24:20', '2021-08-23 12:24:20'),
(674, 135, 'Wamba East', '', '2021-08-23 12:24:20', '2021-08-23 12:24:20'),
(675, 135, 'Wamba North', '', '2021-08-23 12:24:20', '2021-08-23 12:24:20'),
(676, 136, 'Kapomboi', '', '2021-08-23 12:24:20', '2021-08-23 12:24:20'),
(677, 136, 'Kwanza', '', '2021-08-23 12:24:20', '2021-08-23 12:24:20'),
(678, 136, 'Keiyo', '', '2021-08-23 12:24:20', '2021-08-23 12:24:20'),
(679, 136, 'Bidii', '', '2021-08-23 12:24:20', '2021-08-23 12:24:20'),
(680, 137, 'Chepchoina', '', '2021-08-23 12:24:20', '2021-08-23 12:24:20'),
(681, 137, 'Endebess', '', '2021-08-23 12:24:20', '2021-08-23 12:24:20'),
(682, 137, 'Matumbei', '', '2021-08-23 12:24:20', '2021-08-23 12:24:20'),
(683, 138, 'Kinyoro', '', '2021-08-23 12:24:20', '2021-08-23 12:24:20'),
(684, 138, 'Matisi', '', '2021-08-23 12:24:20', '2021-08-23 12:24:20'),
(685, 138, 'Tuwani', '', '2021-08-23 12:24:20', '2021-08-23 12:24:20'),
(686, 138, 'Saboti', '', '2021-08-23 12:24:20', '2021-08-23 12:24:20'),
(687, 138, 'Machewa', '', '2021-08-23 12:24:20', '2021-08-23 12:24:20'),
(688, 139, 'Kiminini', '', '2021-08-23 12:24:20', '2021-08-23 12:24:20'),
(689, 139, 'Waitaluk', '', '2021-08-23 12:24:20', '2021-08-23 12:24:20'),
(690, 139, 'Sirende', '', '2021-08-23 12:24:20', '2021-08-23 12:24:20'),
(691, 139, 'Hospital', '', '2021-08-23 12:24:20', '2021-08-23 12:24:20'),
(692, 139, 'Sikhendu', '', '2021-08-23 12:24:20', '2021-08-23 12:24:20'),
(693, 139, 'Nabiswa', '', '2021-08-23 12:24:20', '2021-08-23 12:24:20'),
(694, 140, 'Sinyerere', '', '2021-08-23 12:24:20', '2021-08-23 12:24:20'),
(695, 140, 'Makutano', '', '2021-08-23 12:24:20', '2021-08-23 12:24:20'),
(696, 140, 'Kaplamai', '', '2021-08-23 12:24:20', '2021-08-23 12:24:20'),
(697, 140, 'Motosiet', '', '2021-08-23 12:24:20', '2021-08-23 12:24:20'),
(698, 140, 'Cherangany/suwerwa', '', '2021-08-23 12:24:20', '2021-08-23 12:24:20');
INSERT INTO `wards` (`id`, `constituency_id`, `name`, `alias`, `created_at`, `updated_at`) VALUES
(699, 140, 'Chepsiro/kiptoror', '', '2021-08-23 12:24:20', '2021-08-23 12:24:20'),
(700, 140, 'Sitatunga', '', '2021-08-23 12:24:20', '2021-08-23 12:24:20'),
(701, 141, 'Moi\'s Bridge', '', '2021-08-23 12:24:20', '2021-08-23 12:24:20'),
(702, 141, 'Kapkures', '', '2021-08-23 12:24:20', '2021-08-23 12:24:20'),
(703, 141, 'Ziwa', '', '2021-08-23 12:24:20', '2021-08-23 12:24:20'),
(704, 141, 'Segero/barsombe', '', '2021-08-23 12:24:20', '2021-08-23 12:24:20'),
(705, 141, 'Kipsomba', '', '2021-08-23 12:24:20', '2021-08-23 12:24:20'),
(706, 141, 'Soy', '', '2021-08-23 12:24:20', '2021-08-23 12:24:20'),
(707, 141, 'Kuinet/kapsuswa', '', '2021-08-23 12:24:20', '2021-08-23 12:24:20'),
(708, 142, 'Ngenyilel', '', '2021-08-23 12:24:20', '2021-08-23 12:24:20'),
(709, 142, 'Tapsagoi', '', '2021-08-23 12:24:20', '2021-08-23 12:24:20'),
(710, 142, 'Kamagut', '', '2021-08-23 12:24:20', '2021-08-23 12:24:20'),
(711, 142, 'Kiplombe', '', '2021-08-23 12:24:20', '2021-08-23 12:24:20'),
(712, 142, 'Kapsaos', '', '2021-08-23 12:24:20', '2021-08-23 12:24:20'),
(713, 142, 'Huruma', '', '2021-08-23 12:24:20', '2021-08-23 12:24:20'),
(714, 143, 'Tembelio', '', '2021-08-23 12:24:20', '2021-08-23 12:24:20'),
(715, 143, 'Sergoit', '', '2021-08-23 12:24:20', '2021-08-23 12:24:20'),
(716, 143, 'Karuna/meibeki', '', '2021-08-23 12:24:20', '2021-08-23 12:24:20'),
(717, 143, 'Moiben', '', '2021-08-23 12:24:20', '2021-08-23 12:24:20'),
(718, 143, 'Kimumu', '', '2021-08-23 12:24:20', '2021-08-23 12:24:20'),
(719, 144, 'Kapsoya', '', '2021-08-23 12:24:20', '2021-08-23 12:24:20'),
(720, 144, 'Kaptagat', '', '2021-08-23 12:24:20', '2021-08-23 12:24:20'),
(721, 144, 'Ainabkoi/olare', '', '2021-08-23 12:24:20', '2021-08-23 12:24:20'),
(722, 145, 'Simat/kapseret', '', '2021-08-23 12:24:20', '2021-08-23 12:24:20'),
(723, 145, 'Kipkenyo', '', '2021-08-23 12:24:20', '2021-08-23 12:24:20'),
(724, 145, 'Ngeria', '', '2021-08-23 12:24:20', '2021-08-23 12:24:20'),
(725, 145, 'Megun', '', '2021-08-23 12:24:20', '2021-08-23 12:24:20'),
(726, 145, 'Langas', '', '2021-08-23 12:24:20', '2021-08-23 12:24:20'),
(727, 146, 'Racecourse', '', '2021-08-23 12:24:20', '2021-08-23 12:24:20'),
(728, 146, 'Cheptiret/kipchamo', '', '2021-08-23 12:24:20', '2021-08-23 12:24:20'),
(729, 146, 'Tulwet/chuiyat', '', '2021-08-23 12:24:20', '2021-08-23 12:24:20'),
(730, 146, 'Tarakwa', '', '2021-08-23 12:24:20', '2021-08-23 12:24:20'),
(731, 147, 'Kapyego', '', '2021-08-23 12:24:20', '2021-08-23 12:24:20'),
(732, 147, 'Sambirir', '', '2021-08-23 12:24:20', '2021-08-23 12:24:20'),
(733, 147, 'Endo', '', '2021-08-23 12:24:20', '2021-08-23 12:24:20'),
(734, 147, 'Embobut / Embulot', '', '2021-08-23 12:24:20', '2021-08-23 12:24:20'),
(735, 148, 'Lelan', '', '2021-08-23 12:24:20', '2021-08-23 12:24:20'),
(736, 148, 'Sengwer', '', '2021-08-23 12:24:20', '2021-08-23 12:24:20'),
(737, 148, 'Cherang\'any/chebororwa', '', '2021-08-23 12:24:20', '2021-08-23 12:24:20'),
(738, 148, 'Moiben/kuserwo', '', '2021-08-23 12:24:20', '2021-08-23 12:24:20'),
(739, 148, 'Kapsowar', '', '2021-08-23 12:24:20', '2021-08-23 12:24:20'),
(740, 148, 'Arror', '', '2021-08-23 12:24:20', '2021-08-23 12:24:20'),
(741, 149, 'Emsoo', '', '2021-08-23 12:24:20', '2021-08-23 12:24:20'),
(742, 149, 'Kamariny', '', '2021-08-23 12:24:20', '2021-08-23 12:24:20'),
(743, 149, 'Kapchemutwa', '', '2021-08-23 12:24:20', '2021-08-23 12:24:20'),
(744, 149, 'Tambach', '', '2021-08-23 12:24:20', '2021-08-23 12:24:20'),
(745, 150, 'Kaptarakwa', '', '2021-08-23 12:24:20', '2021-08-23 12:24:20'),
(746, 150, 'Chepkorio', '', '2021-08-23 12:24:20', '2021-08-23 12:24:20'),
(747, 150, 'Soy North', '', '2021-08-23 12:24:20', '2021-08-23 12:24:20'),
(748, 150, 'Soy South', '', '2021-08-23 12:24:20', '2021-08-23 12:24:20'),
(749, 150, 'Kabiemit', '', '2021-08-23 12:24:20', '2021-08-23 12:24:20'),
(750, 150, 'Metkei', '', '2021-08-23 12:24:20', '2021-08-23 12:24:20'),
(751, 151, 'Songhor/soba', '', '2021-08-23 12:24:20', '2021-08-23 12:24:20'),
(752, 151, 'Tindiret', '', '2021-08-23 12:24:20', '2021-08-23 12:24:20'),
(753, 151, 'Chemelil/chemase', '', '2021-08-23 12:24:20', '2021-08-23 12:24:20'),
(754, 151, 'Kapsimotwo', '', '2021-08-23 12:24:20', '2021-08-23 12:24:20'),
(755, 152, 'Kabwareng', '', '2021-08-23 12:24:20', '2021-08-23 12:24:20'),
(756, 152, 'Terik', '', '2021-08-23 12:24:20', '2021-08-23 12:24:20'),
(757, 152, 'Kemeloi-maraba', '', '2021-08-23 12:24:20', '2021-08-23 12:24:20'),
(758, 152, 'Kobujoi', '', '2021-08-23 12:24:20', '2021-08-23 12:24:20'),
(759, 152, 'Kaptumo-kaboi', '', '2021-08-23 12:24:20', '2021-08-23 12:24:20'),
(760, 152, 'Koyo-ndurio', '', '2021-08-23 12:24:20', '2021-08-23 12:24:20'),
(761, 153, 'Nandi Hills', '', '2021-08-23 12:24:20', '2021-08-23 12:24:20'),
(762, 153, 'Chepkunyuk', '', '2021-08-23 12:24:20', '2021-08-23 12:24:20'),
(763, 153, 'Ol\'lessos', '', '2021-08-23 12:24:20', '2021-08-23 12:24:20'),
(764, 153, 'Kapchorua', '', '2021-08-23 12:24:20', '2021-08-23 12:24:20'),
(765, 154, 'Chemundu/kapng\'etuny', '', '2021-08-23 12:24:20', '2021-08-23 12:24:20'),
(766, 154, 'Kosirai', '', '2021-08-23 12:24:20', '2021-08-23 12:24:20'),
(767, 154, 'Lelmokwo/ngechek', '', '2021-08-23 12:24:20', '2021-08-23 12:24:20'),
(768, 154, 'Kaptel/kamoiywo', '', '2021-08-23 12:24:20', '2021-08-23 12:24:20'),
(769, 154, 'Kiptuya', '', '2021-08-23 12:24:20', '2021-08-23 12:24:20'),
(770, 155, 'Chepkumia', '', '2021-08-23 12:24:20', '2021-08-23 12:24:20'),
(771, 155, 'Kapkangani', '', '2021-08-23 12:24:20', '2021-08-23 12:24:20'),
(772, 155, 'Kapsabet', '', '2021-08-23 12:24:20', '2021-08-23 12:24:20'),
(773, 155, 'Kilibwoni', '', '2021-08-23 12:24:20', '2021-08-23 12:24:20'),
(774, 156, 'Chepterwai', '', '2021-08-23 12:24:20', '2021-08-23 12:24:20'),
(775, 156, 'Kipkaren', '', '2021-08-23 12:24:20', '2021-08-23 12:24:20'),
(776, 156, 'Kurgung/surungai', '', '2021-08-23 12:24:20', '2021-08-23 12:24:20'),
(777, 156, 'Kabiyet', '', '2021-08-23 12:24:20', '2021-08-23 12:24:20'),
(778, 156, 'Ndalat', '', '2021-08-23 12:24:20', '2021-08-23 12:24:20'),
(779, 156, 'Kabisaga', '', '2021-08-23 12:24:20', '2021-08-23 12:24:20'),
(780, 156, 'Sangalo/kebulonik', '', '2021-08-23 12:24:20', '2021-08-23 12:24:20'),
(781, 157, 'Tirioko', '', '2021-08-23 12:24:20', '2021-08-23 12:24:20'),
(782, 157, 'Kolowa', '', '2021-08-23 12:24:20', '2021-08-23 12:24:20'),
(783, 157, 'Ribkwo', '', '2021-08-23 12:24:20', '2021-08-23 12:24:20'),
(784, 157, 'Silale', '', '2021-08-23 12:24:20', '2021-08-23 12:24:20'),
(785, 157, 'Loiyamorock', '', '2021-08-23 12:24:20', '2021-08-23 12:24:20'),
(786, 157, 'Tangulbei/korossi', '', '2021-08-23 12:24:20', '2021-08-23 12:24:20'),
(787, 157, 'Churo/amaya', '', '2021-08-23 12:24:20', '2021-08-23 12:24:20'),
(788, 158, 'Barwessa', '', '2021-08-23 12:24:20', '2021-08-23 12:24:20'),
(789, 158, 'Kabartonjo', '', '2021-08-23 12:24:20', '2021-08-23 12:24:20'),
(790, 158, 'Saimo/kipsaraman', '', '2021-08-23 12:24:20', '2021-08-23 12:24:20'),
(791, 158, 'Saimo/soi', '', '2021-08-23 12:24:20', '2021-08-23 12:24:20'),
(792, 158, 'Bartabwa', '', '2021-08-23 12:24:20', '2021-08-23 12:24:20'),
(793, 159, 'Kabarnet', '', '2021-08-23 12:24:20', '2021-08-23 12:24:20'),
(794, 159, 'Sacho', '', '2021-08-23 12:24:20', '2021-08-23 12:24:20'),
(795, 159, 'Tenges', '', '2021-08-23 12:24:20', '2021-08-23 12:24:20'),
(796, 159, 'Ewalel Chapchap', '', '2021-08-23 12:24:20', '2021-08-23 12:24:20'),
(797, 159, 'Kapropita', '', '2021-08-23 12:24:20', '2021-08-23 12:24:20'),
(798, 160, 'Marigat', '', '2021-08-23 12:24:20', '2021-08-23 12:24:20'),
(799, 160, 'Ilchamus', '', '2021-08-23 12:24:20', '2021-08-23 12:24:20'),
(800, 160, 'Mochongoi', '', '2021-08-23 12:24:20', '2021-08-23 12:24:20'),
(801, 160, 'Mukutani', '', '2021-08-23 12:24:20', '2021-08-23 12:24:20'),
(802, 161, 'Mogotio', '', '2021-08-23 12:24:20', '2021-08-23 12:24:20'),
(803, 161, 'Emining', '', '2021-08-23 12:24:20', '2021-08-23 12:24:20'),
(804, 161, 'Kisanana', '', '2021-08-23 12:24:20', '2021-08-23 12:24:20'),
(805, 162, 'Lembus', '', '2021-08-23 12:24:20', '2021-08-23 12:24:20'),
(806, 162, 'Lembus Kwen', '', '2021-08-23 12:24:20', '2021-08-23 12:24:20'),
(807, 162, 'Ravine', '', '2021-08-23 12:24:20', '2021-08-23 12:24:20'),
(808, 162, 'Mumberes/maji Mazuri', '', '2021-08-23 12:24:20', '2021-08-23 12:24:20'),
(809, 162, 'Lembus/perkerra', '', '2021-08-23 12:24:20', '2021-08-23 12:24:20'),
(810, 162, 'Koibatek', '', '2021-08-23 12:24:20', '2021-08-23 12:24:20'),
(811, 163, 'Olmoran', '', '2021-08-23 12:24:20', '2021-08-23 12:24:20'),
(812, 163, 'Rumuruti Township', '', '2021-08-23 12:24:20', '2021-08-23 12:24:20'),
(813, 163, 'Kinamba', '', '2021-08-23 12:24:20', '2021-08-23 12:24:20'),
(814, 163, 'Marmanet', '', '2021-08-23 12:24:20', '2021-08-23 12:24:20'),
(815, 163, 'Igwamiti', '', '2021-08-23 12:24:20', '2021-08-23 12:24:20'),
(816, 163, 'Salama', '', '2021-08-23 12:24:20', '2021-08-23 12:24:20'),
(817, 164, 'Ngobit', '', '2021-08-23 12:24:20', '2021-08-23 12:24:20'),
(818, 164, 'Tigithi', '', '2021-08-23 12:24:20', '2021-08-23 12:24:20'),
(819, 164, 'Thingithu', '', '2021-08-23 12:24:20', '2021-08-23 12:24:20'),
(820, 164, 'Nanyuki', '', '2021-08-23 12:24:20', '2021-08-23 12:24:20'),
(821, 164, 'Umande', '', '2021-08-23 12:24:20', '2021-08-23 12:24:20'),
(822, 165, 'Sosian', '', '2021-08-23 12:24:20', '2021-08-23 12:24:20'),
(823, 165, 'Segera', '', '2021-08-23 12:24:20', '2021-08-23 12:24:20'),
(824, 165, 'Mukogondo West', '', '2021-08-23 12:24:20', '2021-08-23 12:24:20'),
(825, 165, 'Mukogondo East', '', '2021-08-23 12:24:20', '2021-08-23 12:24:20'),
(826, 166, 'Mariashoni', '', '2021-08-23 12:24:20', '2021-08-23 12:24:20'),
(827, 166, 'Elburgon', '', '2021-08-23 12:24:20', '2021-08-23 12:24:20'),
(828, 166, 'Turi', '', '2021-08-23 12:24:20', '2021-08-23 12:24:20'),
(829, 166, 'Molo', '', '2021-08-23 12:24:20', '2021-08-23 12:24:20'),
(830, 167, 'Maunarok', '', '2021-08-23 12:24:20', '2021-08-23 12:24:20'),
(831, 167, 'Mauche', '', '2021-08-23 12:24:20', '2021-08-23 12:24:20'),
(832, 167, 'Kihingo', '', '2021-08-23 12:24:20', '2021-08-23 12:24:20'),
(833, 167, 'Nessuit', '', '2021-08-23 12:24:20', '2021-08-23 12:24:20'),
(834, 167, 'Lare', '', '2021-08-23 12:24:20', '2021-08-23 12:24:20'),
(835, 167, 'Njoro', '', '2021-08-23 12:24:20', '2021-08-23 12:24:20'),
(836, 168, 'Biashara', '', '2021-08-23 12:24:20', '2021-08-23 12:24:20'),
(837, 168, 'Hells Gate', '', '2021-08-23 12:24:20', '2021-08-23 12:24:20'),
(838, 168, 'Lakeview', '', '2021-08-23 12:24:20', '2021-08-23 12:24:20'),
(839, 168, 'Maai-mahiu', '', '2021-08-23 12:24:20', '2021-08-23 12:24:20'),
(840, 168, 'Maiella', '', '2021-08-23 12:24:20', '2021-08-23 12:24:20'),
(841, 168, 'Olkaria', '', '2021-08-23 12:24:20', '2021-08-23 12:24:20'),
(842, 168, 'Naivasha East', '', '2021-08-23 12:24:20', '2021-08-23 12:24:20'),
(843, 168, 'Viwandani', '', '2021-08-23 12:24:20', '2021-08-23 12:24:20'),
(844, 169, 'Gilgil', '', '2021-08-23 12:24:20', '2021-08-23 12:24:20'),
(845, 169, 'Elementaita', '', '2021-08-23 12:24:20', '2021-08-23 12:24:20'),
(846, 169, 'Mbaruk/eburu', '', '2021-08-23 12:24:20', '2021-08-23 12:24:20'),
(847, 169, 'Malewa West', '', '2021-08-23 12:24:20', '2021-08-23 12:24:20'),
(848, 169, 'Murindati', '', '2021-08-23 12:24:20', '2021-08-23 12:24:20'),
(849, 170, 'Amalo', '', '2021-08-23 12:24:20', '2021-08-23 12:24:20'),
(850, 170, 'Keringet', '', '2021-08-23 12:24:20', '2021-08-23 12:24:20'),
(851, 170, 'Kiptagich', '', '2021-08-23 12:24:20', '2021-08-23 12:24:20'),
(852, 170, 'Tinet', '', '2021-08-23 12:24:20', '2021-08-23 12:24:20'),
(853, 171, 'Kiptororo', '', '2021-08-23 12:24:20', '2021-08-23 12:24:20'),
(854, 171, 'Nyota', '', '2021-08-23 12:24:20', '2021-08-23 12:24:20'),
(855, 171, 'Sirikwa', '', '2021-08-23 12:24:20', '2021-08-23 12:24:20'),
(856, 171, 'Kamara', '', '2021-08-23 12:24:20', '2021-08-23 12:24:20'),
(857, 172, 'Subukia', '', '2021-08-23 12:24:20', '2021-08-23 12:24:20'),
(858, 172, 'Waseges', '', '2021-08-23 12:24:20', '2021-08-23 12:24:20'),
(859, 172, 'Kabazi', '', '2021-08-23 12:24:20', '2021-08-23 12:24:20'),
(860, 173, 'Menengai West', '', '2021-08-23 12:24:20', '2021-08-23 12:24:20'),
(861, 173, 'Soin', '', '2021-08-23 12:24:20', '2021-08-23 12:24:20'),
(862, 173, 'Visoi', '', '2021-08-23 12:24:20', '2021-08-23 12:24:20'),
(863, 173, 'Mosop', '', '2021-08-23 12:24:20', '2021-08-23 12:24:20'),
(864, 173, 'Solai', '', '2021-08-23 12:24:20', '2021-08-23 12:24:20'),
(865, 174, 'Dundori', '', '2021-08-23 12:24:20', '2021-08-23 12:24:20'),
(866, 174, 'Kabatini', '', '2021-08-23 12:24:20', '2021-08-23 12:24:20'),
(867, 174, 'Kiamaina', '', '2021-08-23 12:24:20', '2021-08-23 12:24:20'),
(868, 174, 'Lanet/umoja', '', '2021-08-23 12:24:20', '2021-08-23 12:24:20'),
(869, 174, 'Bahati', '', '2021-08-23 12:24:20', '2021-08-23 12:24:20'),
(870, 175, 'Barut', '', '2021-08-23 12:24:20', '2021-08-23 12:24:20'),
(871, 175, 'London', '', '2021-08-23 12:24:20', '2021-08-23 12:24:20'),
(872, 175, 'Kaptembwo', '', '2021-08-23 12:24:20', '2021-08-23 12:24:20'),
(873, 175, 'Kapkures', '', '2021-08-23 12:24:20', '2021-08-23 12:24:20'),
(874, 175, 'Rhoda', '', '2021-08-23 12:24:20', '2021-08-23 12:24:20'),
(875, 175, 'Shaabab', '', '2021-08-23 12:24:20', '2021-08-23 12:24:20'),
(876, 176, 'Biashara', '', '2021-08-23 12:24:20', '2021-08-23 12:24:20'),
(877, 176, 'Kivumbini', '', '2021-08-23 12:24:20', '2021-08-23 12:24:20'),
(878, 176, 'Flamingo', '', '2021-08-23 12:24:20', '2021-08-23 12:24:20'),
(879, 176, 'Menengai', '', '2021-08-23 12:24:20', '2021-08-23 12:24:20'),
(880, 176, 'Nakuru East', '', '2021-08-23 12:24:20', '2021-08-23 12:24:20'),
(881, 177, 'Kilgoris Central', '', '2021-08-23 12:24:20', '2021-08-23 12:24:20'),
(882, 177, 'Keyian', '', '2021-08-23 12:24:20', '2021-08-23 12:24:20'),
(883, 177, 'Angata Barikoi', '', '2021-08-23 12:24:20', '2021-08-23 12:24:20'),
(884, 177, 'Shankoe', '', '2021-08-23 12:24:20', '2021-08-23 12:24:20'),
(885, 177, 'Kimintet', '', '2021-08-23 12:24:20', '2021-08-23 12:24:20'),
(886, 177, 'Lolgorian', '', '2021-08-23 12:24:20', '2021-08-23 12:24:20'),
(887, 178, 'Ilkerin', '', '2021-08-23 12:24:20', '2021-08-23 12:24:20'),
(888, 178, 'Ololmasani', '', '2021-08-23 12:24:20', '2021-08-23 12:24:20'),
(889, 178, 'Mogondo', '', '2021-08-23 12:24:20', '2021-08-23 12:24:20'),
(890, 178, 'Kapsasian', '', '2021-08-23 12:24:20', '2021-08-23 12:24:20'),
(891, 179, 'Olpusimoru', '', '2021-08-23 12:24:20', '2021-08-23 12:24:20'),
(892, 179, 'Olokurto', '', '2021-08-23 12:24:20', '2021-08-23 12:24:20'),
(893, 179, 'Narok Town', '', '2021-08-23 12:24:20', '2021-08-23 12:24:20'),
(894, 179, 'Nkareta', '', '2021-08-23 12:24:20', '2021-08-23 12:24:20'),
(895, 179, 'Olorropil', '', '2021-08-23 12:24:20', '2021-08-23 12:24:20'),
(896, 179, 'Melili', '', '2021-08-23 12:24:20', '2021-08-23 12:24:20'),
(897, 180, 'Mosiro', '', '2021-08-23 12:24:20', '2021-08-23 12:24:20'),
(898, 180, 'Ildamat', '', '2021-08-23 12:24:20', '2021-08-23 12:24:20'),
(899, 180, 'Keekonyokie', '', '2021-08-23 12:24:20', '2021-08-23 12:24:20'),
(900, 180, 'Suswa', '', '2021-08-23 12:24:20', '2021-08-23 12:24:20'),
(901, 181, 'Majimoto/naroosura', '', '2021-08-23 12:24:20', '2021-08-23 12:24:20'),
(902, 181, 'Ololulung\'a', '', '2021-08-23 12:24:20', '2021-08-23 12:24:20'),
(903, 181, 'Melelo', '', '2021-08-23 12:24:20', '2021-08-23 12:24:20'),
(904, 181, 'Loita', '', '2021-08-23 12:24:20', '2021-08-23 12:24:20'),
(905, 181, 'Sogoo', '', '2021-08-23 12:24:20', '2021-08-23 12:24:20'),
(906, 181, 'Sagamian', '', '2021-08-23 12:24:20', '2021-08-23 12:24:20'),
(907, 182, 'Ilmotiok', '', '2021-08-23 12:24:21', '2021-08-23 12:24:21'),
(908, 182, 'Mara', '', '2021-08-23 12:24:21', '2021-08-23 12:24:21'),
(909, 182, 'Siana', '', '2021-08-23 12:24:21', '2021-08-23 12:24:21'),
(910, 182, 'Naikarra', '', '2021-08-23 12:24:21', '2021-08-23 12:24:21'),
(911, 183, 'Olkeri', '', '2021-08-23 12:24:21', '2021-08-23 12:24:21'),
(912, 183, 'Ongata Rongai', '', '2021-08-23 12:24:21', '2021-08-23 12:24:21'),
(913, 183, 'Nkaimurunya', '', '2021-08-23 12:24:21', '2021-08-23 12:24:21'),
(914, 183, 'Oloolua', '', '2021-08-23 12:24:21', '2021-08-23 12:24:21'),
(915, 183, 'Ngong', '', '2021-08-23 12:24:21', '2021-08-23 12:24:21'),
(916, 184, 'Purko', '', '2021-08-23 12:24:21', '2021-08-23 12:24:21'),
(917, 184, 'Ildamat', '', '2021-08-23 12:24:21', '2021-08-23 12:24:21'),
(918, 184, 'Dalalekutuk', '', '2021-08-23 12:24:21', '2021-08-23 12:24:21'),
(919, 184, 'Matapato North', '', '2021-08-23 12:24:21', '2021-08-23 12:24:21'),
(920, 184, 'Matapato South', '', '2021-08-23 12:24:21', '2021-08-23 12:24:21'),
(921, 185, 'Kaputiei North', '', '2021-08-23 12:24:21', '2021-08-23 12:24:21'),
(922, 185, 'Kitengela', '', '2021-08-23 12:24:21', '2021-08-23 12:24:21'),
(923, 185, 'Oloosirkon/sholinke', '', '2021-08-23 12:24:21', '2021-08-23 12:24:21'),
(924, 185, 'Kenyawa-poka', '', '2021-08-23 12:24:21', '2021-08-23 12:24:21'),
(925, 185, 'Imaroro', '', '2021-08-23 12:24:21', '2021-08-23 12:24:21'),
(926, 186, 'Keekonyokie', '', '2021-08-23 12:24:21', '2021-08-23 12:24:21'),
(927, 186, 'Iloodokilani', '', '2021-08-23 12:24:21', '2021-08-23 12:24:21'),
(928, 186, 'Magadi', '', '2021-08-23 12:24:21', '2021-08-23 12:24:21'),
(929, 186, 'Ewuaso Oonkidong\'i', '', '2021-08-23 12:24:21', '2021-08-23 12:24:21'),
(930, 186, 'Mosiro', '', '2021-08-23 12:24:21', '2021-08-23 12:24:21'),
(931, 187, 'Entonet/lenkisim', '', '2021-08-23 12:24:21', '2021-08-23 12:24:21'),
(932, 187, 'Mbirikani/eselenkei', '', '2021-08-23 12:24:21', '2021-08-23 12:24:21'),
(933, 187, 'Kuku', '', '2021-08-23 12:24:21', '2021-08-23 12:24:21'),
(934, 187, 'Rombo', '', '2021-08-23 12:24:21', '2021-08-23 12:24:21'),
(935, 187, 'Kimana', '', '2021-08-23 12:24:21', '2021-08-23 12:24:21'),
(936, 188, 'Londiani', '', '2021-08-23 12:24:21', '2021-08-23 12:24:21'),
(937, 188, 'Kedowa/kimugul', '', '2021-08-23 12:24:21', '2021-08-23 12:24:21'),
(938, 188, 'Chepseon', '', '2021-08-23 12:24:21', '2021-08-23 12:24:21'),
(939, 188, 'Tendeno/sorget', '', '2021-08-23 12:24:21', '2021-08-23 12:24:21'),
(940, 189, 'Kunyak', '', '2021-08-23 12:24:21', '2021-08-23 12:24:21'),
(941, 189, 'Kamasian', '', '2021-08-23 12:24:21', '2021-08-23 12:24:21'),
(942, 189, 'Kipkelion', '', '2021-08-23 12:24:21', '2021-08-23 12:24:21'),
(943, 189, 'Chilchila', '', '2021-08-23 12:24:21', '2021-08-23 12:24:21'),
(944, 190, 'Kapsoit', '', '2021-08-23 12:24:21', '2021-08-23 12:24:21'),
(945, 190, 'Ainamoi', '', '2021-08-23 12:24:21', '2021-08-23 12:24:21'),
(946, 190, 'Kapkugerwet', '', '2021-08-23 12:24:21', '2021-08-23 12:24:21'),
(947, 190, 'Kipchebor', '', '2021-08-23 12:24:21', '2021-08-23 12:24:21'),
(948, 190, 'Kipchimchim', '', '2021-08-23 12:24:21', '2021-08-23 12:24:21'),
(949, 190, 'Kapsaos', '', '2021-08-23 12:24:21', '2021-08-23 12:24:21'),
(950, 191, 'Kisiara', '', '2021-08-23 12:24:21', '2021-08-23 12:24:21'),
(951, 191, 'Tebesonik', '', '2021-08-23 12:24:21', '2021-08-23 12:24:21'),
(952, 191, 'Cheboin', '', '2021-08-23 12:24:21', '2021-08-23 12:24:21'),
(953, 191, 'Chemosot', '', '2021-08-23 12:24:21', '2021-08-23 12:24:21'),
(954, 191, 'Litein', '', '2021-08-23 12:24:21', '2021-08-23 12:24:21'),
(955, 191, 'Cheplanget', '', '2021-08-23 12:24:21', '2021-08-23 12:24:21'),
(956, 191, 'Kapkatet', '', '2021-08-23 12:24:21', '2021-08-23 12:24:21'),
(957, 192, 'Waldai', '', '2021-08-23 12:24:21', '2021-08-23 12:24:21'),
(958, 192, 'Kabianga', '', '2021-08-23 12:24:21', '2021-08-23 12:24:21'),
(959, 192, 'Cheptororiet/seretut', '', '2021-08-23 12:24:21', '2021-08-23 12:24:21'),
(960, 192, 'Chaik', '', '2021-08-23 12:24:21', '2021-08-23 12:24:21'),
(961, 192, 'Kapsuser', '', '2021-08-23 12:24:21', '2021-08-23 12:24:21'),
(962, 193, 'Sigowet', '', '2021-08-23 12:24:21', '2021-08-23 12:24:21'),
(963, 193, 'Kaplelartet', '', '2021-08-23 12:24:21', '2021-08-23 12:24:21'),
(964, 193, 'Soliat', '', '2021-08-23 12:24:21', '2021-08-23 12:24:21'),
(965, 193, 'Soin', '', '2021-08-23 12:24:21', '2021-08-23 12:24:21'),
(966, 194, 'Ndanai/abosi', '', '2021-08-23 12:24:21', '2021-08-23 12:24:21'),
(967, 194, 'Chemagel', '', '2021-08-23 12:24:21', '2021-08-23 12:24:21'),
(968, 194, 'Kipsonoi', '', '2021-08-23 12:24:21', '2021-08-23 12:24:21'),
(969, 194, 'Kapletundo', '', '2021-08-23 12:24:21', '2021-08-23 12:24:21'),
(970, 194, 'Rongena/manaret', '', '2021-08-23 12:24:21', '2021-08-23 12:24:21'),
(971, 195, 'Kong\'asis', '', '2021-08-23 12:24:21', '2021-08-23 12:24:21'),
(972, 195, 'Nyangores', '', '2021-08-23 12:24:21', '2021-08-23 12:24:21'),
(973, 195, 'Sigor', '', '2021-08-23 12:24:21', '2021-08-23 12:24:21'),
(974, 195, 'Chebunyo', '', '2021-08-23 12:24:21', '2021-08-23 12:24:21'),
(975, 195, 'Siongiroi', '', '2021-08-23 12:24:21', '2021-08-23 12:24:21'),
(976, 196, 'Merigi', '', '2021-08-23 12:24:21', '2021-08-23 12:24:21'),
(977, 196, 'Kembu', '', '2021-08-23 12:24:21', '2021-08-23 12:24:21'),
(978, 196, 'Longisa', '', '2021-08-23 12:24:21', '2021-08-23 12:24:21'),
(979, 196, 'Kipreres', '', '2021-08-23 12:24:21', '2021-08-23 12:24:21'),
(980, 196, 'Chemaner', '', '2021-08-23 12:24:21', '2021-08-23 12:24:21'),
(981, 197, 'Silibwet Township', '', '2021-08-23 12:24:21', '2021-08-23 12:24:21'),
(982, 197, 'Ndaraweta', '', '2021-08-23 12:24:21', '2021-08-23 12:24:21'),
(983, 197, 'Singorwet', '', '2021-08-23 12:24:21', '2021-08-23 12:24:21'),
(984, 197, 'Chesoen', '', '2021-08-23 12:24:21', '2021-08-23 12:24:21'),
(985, 197, 'Mutarakwa', '', '2021-08-23 12:24:21', '2021-08-23 12:24:21'),
(986, 198, 'Chepchabas', '', '2021-08-23 12:24:21', '2021-08-23 12:24:21'),
(987, 198, 'Kimulot', '', '2021-08-23 12:24:21', '2021-08-23 12:24:21'),
(988, 198, 'Mogogosiek', '', '2021-08-23 12:24:21', '2021-08-23 12:24:21'),
(989, 198, 'Boito', '', '2021-08-23 12:24:21', '2021-08-23 12:24:21'),
(990, 198, 'Embomos', '', '2021-08-23 12:24:21', '2021-08-23 12:24:21'),
(991, 199, 'Mautuma', '', '2021-08-23 12:24:21', '2021-08-23 12:24:21'),
(992, 199, 'Lugari', '', '2021-08-23 12:24:21', '2021-08-23 12:24:21'),
(993, 199, 'Lumakanda', '', '2021-08-23 12:24:21', '2021-08-23 12:24:21'),
(994, 199, 'Chekalini', '', '2021-08-23 12:24:21', '2021-08-23 12:24:21'),
(995, 199, 'Chevaywa', '', '2021-08-23 12:24:21', '2021-08-23 12:24:21'),
(996, 199, 'Lwandeti', '', '2021-08-23 12:24:21', '2021-08-23 12:24:21'),
(997, 200, 'Likuyani', '', '2021-08-23 12:24:21', '2021-08-23 12:24:21'),
(998, 200, 'Sango', '', '2021-08-23 12:24:21', '2021-08-23 12:24:21'),
(999, 200, 'Kongoni', '', '2021-08-23 12:24:21', '2021-08-23 12:24:21'),
(1000, 200, 'Nzoia', '', '2021-08-23 12:24:21', '2021-08-23 12:24:21'),
(1001, 200, 'Sinoko', '', '2021-08-23 12:24:21', '2021-08-23 12:24:21'),
(1002, 201, 'West Kabras', '', '2021-08-23 12:24:21', '2021-08-23 12:24:21'),
(1003, 201, 'Chemuche', '', '2021-08-23 12:24:21', '2021-08-23 12:24:21'),
(1004, 201, 'East Kabras', '', '2021-08-23 12:24:21', '2021-08-23 12:24:21'),
(1005, 201, 'Butali/chegulo', '', '2021-08-23 12:24:21', '2021-08-23 12:24:21'),
(1006, 201, 'Manda-shivanga', '', '2021-08-23 12:24:21', '2021-08-23 12:24:21'),
(1007, 201, 'Shirugu-mugai', '', '2021-08-23 12:24:21', '2021-08-23 12:24:21'),
(1008, 201, 'South Kabras', '', '2021-08-23 12:24:21', '2021-08-23 12:24:21'),
(1009, 202, 'Butsotso East', '', '2021-08-23 12:24:21', '2021-08-23 12:24:21'),
(1010, 202, 'Butsotso South', '', '2021-08-23 12:24:21', '2021-08-23 12:24:21'),
(1011, 202, 'Butsotso Central', '', '2021-08-23 12:24:21', '2021-08-23 12:24:21'),
(1012, 202, 'Sheywe', '', '2021-08-23 12:24:21', '2021-08-23 12:24:21'),
(1013, 202, 'Mahiakalo', '', '2021-08-23 12:24:21', '2021-08-23 12:24:21'),
(1014, 202, 'Shirere', '', '2021-08-23 12:24:21', '2021-08-23 12:24:21'),
(1015, 203, 'Ingostse-mathia', '', '2021-08-23 12:24:21', '2021-08-23 12:24:21'),
(1016, 203, 'Shinoyi-shikomari-', '', '2021-08-23 12:24:21', '2021-08-23 12:24:21'),
(1017, 203, 'Bunyala West', '', '2021-08-23 12:24:21', '2021-08-23 12:24:21'),
(1018, 203, 'Bunyala East', '', '2021-08-23 12:24:21', '2021-08-23 12:24:21'),
(1019, 203, 'Bunyala Central', '', '2021-08-23 12:24:21', '2021-08-23 12:24:21'),
(1020, 204, 'Mumias Central', '', '2021-08-23 12:24:21', '2021-08-23 12:24:21'),
(1021, 204, 'Mumias North', '', '2021-08-23 12:24:21', '2021-08-23 12:24:21'),
(1022, 204, 'Etenje', '', '2021-08-23 12:24:21', '2021-08-23 12:24:21'),
(1023, 204, 'Musanda', '', '2021-08-23 12:24:21', '2021-08-23 12:24:21'),
(1024, 205, 'Lubinu/lusheya', '', '2021-08-23 12:24:21', '2021-08-23 12:24:21'),
(1025, 205, 'Isongo/makunga/malaha', '', '2021-08-23 12:24:21', '2021-08-23 12:24:21'),
(1026, 205, 'East Wanga', '', '2021-08-23 12:24:21', '2021-08-23 12:24:21'),
(1027, 206, 'Koyonzo', '', '2021-08-23 12:24:21', '2021-08-23 12:24:21'),
(1028, 206, 'Kholera', '', '2021-08-23 12:24:21', '2021-08-23 12:24:21'),
(1029, 206, 'Khalaba', '', '2021-08-23 12:24:21', '2021-08-23 12:24:21'),
(1030, 206, 'Mayoni', '', '2021-08-23 12:24:21', '2021-08-23 12:24:21'),
(1031, 206, 'Namamali', '', '2021-08-23 12:24:21', '2021-08-23 12:24:21'),
(1032, 207, 'Marama West', '', '2021-08-23 12:24:21', '2021-08-23 12:24:21'),
(1033, 207, 'Marama Central', '', '2021-08-23 12:24:21', '2021-08-23 12:24:21'),
(1034, 207, 'Marenyo - Shianda', '', '2021-08-23 12:24:21', '2021-08-23 12:24:21'),
(1035, 207, 'Marama North', '', '2021-08-23 12:24:21', '2021-08-23 12:24:21'),
(1036, 207, 'Marama South', '', '2021-08-23 12:24:21', '2021-08-23 12:24:21'),
(1037, 208, 'Kisa North', '', '2021-08-23 12:24:21', '2021-08-23 12:24:21'),
(1038, 208, 'Kisa East', '', '2021-08-23 12:24:21', '2021-08-23 12:24:21'),
(1039, 208, 'Kisa West', '', '2021-08-23 12:24:21', '2021-08-23 12:24:21'),
(1040, 208, 'Kisa Central', '', '2021-08-23 12:24:21', '2021-08-23 12:24:21'),
(1041, 209, 'Isukha North', '', '2021-08-23 12:24:21', '2021-08-23 12:24:21'),
(1042, 209, 'Murhanda', '', '2021-08-23 12:24:21', '2021-08-23 12:24:21'),
(1043, 209, 'Isukha Central', '', '2021-08-23 12:24:21', '2021-08-23 12:24:21'),
(1044, 209, 'Isukha South', '', '2021-08-23 12:24:21', '2021-08-23 12:24:21'),
(1045, 209, 'Isukha East', '', '2021-08-23 12:24:21', '2021-08-23 12:24:21'),
(1046, 209, 'Isukha West', '', '2021-08-23 12:24:21', '2021-08-23 12:24:21'),
(1047, 210, 'Idakho South', '', '2021-08-23 12:24:21', '2021-08-23 12:24:21'),
(1048, 210, 'Idakho East', '', '2021-08-23 12:24:21', '2021-08-23 12:24:21'),
(1049, 210, 'Idakho North', '', '2021-08-23 12:24:21', '2021-08-23 12:24:21'),
(1050, 210, 'Idakho Central', '', '2021-08-23 12:24:21', '2021-08-23 12:24:21'),
(1051, 211, 'Lugaga-wamuluma', '', '2021-08-23 12:24:21', '2021-08-23 12:24:21'),
(1052, 211, 'South Maragoli', '', '2021-08-23 12:24:21', '2021-08-23 12:24:21'),
(1053, 211, 'Central Maragoli', '', '2021-08-23 12:24:21', '2021-08-23 12:24:21'),
(1054, 211, 'Mungoma', '', '2021-08-23 12:24:21', '2021-08-23 12:24:21'),
(1055, 212, 'Lyaduywa/izava', '', '2021-08-23 12:24:21', '2021-08-23 12:24:21'),
(1056, 212, 'West Sabatia', '', '2021-08-23 12:24:21', '2021-08-23 12:24:21'),
(1057, 212, 'Chavakali', '', '2021-08-23 12:24:21', '2021-08-23 12:24:21'),
(1058, 212, 'North Maragoli', '', '2021-08-23 12:24:21', '2021-08-23 12:24:21'),
(1059, 212, 'Wodanga', '', '2021-08-23 12:24:21', '2021-08-23 12:24:21'),
(1060, 212, 'Busali', '', '2021-08-23 12:24:21', '2021-08-23 12:24:21'),
(1061, 213, 'Shiru', '', '2021-08-23 12:24:21', '2021-08-23 12:24:21'),
(1062, 213, 'Muhudu', '', '2021-08-23 12:24:21', '2021-08-23 12:24:21'),
(1063, 213, 'Shamakhokho', '', '2021-08-23 12:24:21', '2021-08-23 12:24:21'),
(1064, 213, 'Gisambai', '', '2021-08-23 12:24:21', '2021-08-23 12:24:21'),
(1065, 213, 'Banja', '', '2021-08-23 12:24:21', '2021-08-23 12:24:21'),
(1066, 213, 'Tambua', '', '2021-08-23 12:24:21', '2021-08-23 12:24:21'),
(1067, 213, 'Jepkoyai', '', '2021-08-23 12:24:21', '2021-08-23 12:24:21'),
(1068, 214, 'Luanda Township', '', '2021-08-23 12:24:21', '2021-08-23 12:24:21'),
(1069, 214, 'Wemilabi', '', '2021-08-23 12:24:21', '2021-08-23 12:24:21'),
(1070, 214, 'Mwibona', '', '2021-08-23 12:24:21', '2021-08-23 12:24:21'),
(1071, 214, 'Luanda South', '', '2021-08-23 12:24:21', '2021-08-23 12:24:21'),
(1072, 214, 'Emabungo', '', '2021-08-23 12:24:21', '2021-08-23 12:24:21'),
(1073, 215, 'North East Bunyore', '', '2021-08-23 12:24:21', '2021-08-23 12:24:21'),
(1074, 215, 'Central Bunyore', '', '2021-08-23 12:24:21', '2021-08-23 12:24:21'),
(1075, 215, 'West Bunyore', '', '2021-08-23 12:24:21', '2021-08-23 12:24:21'),
(1076, 216, 'Cheptais', '', '2021-08-23 12:24:21', '2021-08-23 12:24:21'),
(1077, 216, 'Chesikaki', '', '2021-08-23 12:24:21', '2021-08-23 12:24:21'),
(1078, 216, 'Chepyuk', '', '2021-08-23 12:24:21', '2021-08-23 12:24:21'),
(1079, 216, 'Kapkateny', '', '2021-08-23 12:24:21', '2021-08-23 12:24:21'),
(1080, 216, 'Kaptama', '', '2021-08-23 12:24:21', '2021-08-23 12:24:21'),
(1081, 216, 'Elgon', '', '2021-08-23 12:24:21', '2021-08-23 12:24:21'),
(1082, 217, 'Namwela', '', '2021-08-23 12:24:21', '2021-08-23 12:24:21'),
(1083, 217, 'Malakisi/south Kulisiru', '', '2021-08-23 12:24:21', '2021-08-23 12:24:21'),
(1084, 217, 'Lwandanyi', '', '2021-08-23 12:24:21', '2021-08-23 12:24:21'),
(1085, 218, 'Kabuchai/chwele', '', '2021-08-23 12:24:21', '2021-08-23 12:24:21'),
(1086, 218, 'West Nalondo', '', '2021-08-23 12:24:21', '2021-08-23 12:24:21'),
(1087, 218, 'Bwake/luuya', '', '2021-08-23 12:24:21', '2021-08-23 12:24:21'),
(1088, 218, 'Mukuyuni', '', '2021-08-23 12:24:21', '2021-08-23 12:24:21'),
(1089, 219, 'South Bukusu', '', '2021-08-23 12:24:21', '2021-08-23 12:24:21'),
(1090, 219, 'Bumula', '', '2021-08-23 12:24:21', '2021-08-23 12:24:21'),
(1091, 219, 'Khasoko', '', '2021-08-23 12:24:21', '2021-08-23 12:24:21'),
(1092, 219, 'Kabula', '', '2021-08-23 12:24:21', '2021-08-23 12:24:21'),
(1093, 219, 'Kimaeti', '', '2021-08-23 12:24:21', '2021-08-23 12:24:21'),
(1094, 219, 'West Bukusu', '', '2021-08-23 12:24:21', '2021-08-23 12:24:21'),
(1095, 219, 'Siboti', '', '2021-08-23 12:24:21', '2021-08-23 12:24:21'),
(1096, 220, 'Bukembe West', '', '2021-08-23 12:24:21', '2021-08-23 12:24:21'),
(1097, 220, 'Bukembe East', '', '2021-08-23 12:24:21', '2021-08-23 12:24:21'),
(1098, 220, 'Township', '', '2021-08-23 12:24:21', '2021-08-23 12:24:21'),
(1099, 220, 'Khalaba', '', '2021-08-23 12:24:21', '2021-08-23 12:24:21'),
(1100, 220, 'Musikoma', '', '2021-08-23 12:24:21', '2021-08-23 12:24:21'),
(1101, 220, 'East Sang\'alo', '', '2021-08-23 12:24:21', '2021-08-23 12:24:21'),
(1102, 220, 'Marakaru/tuuti', '', '2021-08-23 12:24:21', '2021-08-23 12:24:21'),
(1103, 220, 'Sang\'alo West', '', '2021-08-23 12:24:21', '2021-08-23 12:24:21'),
(1104, 221, 'Mihuu', '', '2021-08-23 12:24:21', '2021-08-23 12:24:21'),
(1105, 221, 'Ndivisi', '', '2021-08-23 12:24:21', '2021-08-23 12:24:21'),
(1106, 221, 'Maraka', '', '2021-08-23 12:24:21', '2021-08-23 12:24:21'),
(1107, 222, 'Misikhu', '', '2021-08-23 12:24:21', '2021-08-23 12:24:21'),
(1108, 222, 'Sitikho', '', '2021-08-23 12:24:21', '2021-08-23 12:24:21'),
(1109, 222, 'Matulo', '', '2021-08-23 12:24:21', '2021-08-23 12:24:21'),
(1110, 222, 'Bokoli', '', '2021-08-23 12:24:21', '2021-08-23 12:24:21'),
(1111, 223, 'Kimilili', '', '2021-08-23 12:24:21', '2021-08-23 12:24:21'),
(1112, 223, 'Kibingei', '', '2021-08-23 12:24:21', '2021-08-23 12:24:21'),
(1113, 223, 'Maeni', '', '2021-08-23 12:24:21', '2021-08-23 12:24:21'),
(1114, 223, 'Kamukuywa', '', '2021-08-23 12:24:21', '2021-08-23 12:24:21'),
(1115, 224, 'Mbakalo', '', '2021-08-23 12:24:21', '2021-08-23 12:24:21'),
(1116, 224, 'Naitiri/kabuyefwe', '', '2021-08-23 12:24:21', '2021-08-23 12:24:21'),
(1117, 224, 'Milima', '', '2021-08-23 12:24:21', '2021-08-23 12:24:21'),
(1118, 224, 'Ndalu/ Tabani', '', '2021-08-23 12:24:21', '2021-08-23 12:24:21'),
(1119, 224, 'Tongaren', '', '2021-08-23 12:24:21', '2021-08-23 12:24:21'),
(1120, 224, 'Soysambu/ Mitua', '', '2021-08-23 12:24:21', '2021-08-23 12:24:21'),
(1121, 225, 'Malaba Central', '', '2021-08-23 12:24:21', '2021-08-23 12:24:21'),
(1122, 225, 'Malaba North', '', '2021-08-23 12:24:21', '2021-08-23 12:24:21'),
(1123, 225, 'Ang\'urai South', '', '2021-08-23 12:24:21', '2021-08-23 12:24:21'),
(1124, 225, 'Ang\'urai North', '', '2021-08-23 12:24:21', '2021-08-23 12:24:21'),
(1125, 225, 'Ang\'urai East', '', '2021-08-23 12:24:21', '2021-08-23 12:24:21'),
(1126, 225, 'Malaba South', '', '2021-08-23 12:24:21', '2021-08-23 12:24:21'),
(1127, 226, 'Ang\'orom', '', '2021-08-23 12:24:21', '2021-08-23 12:24:21'),
(1128, 226, 'Chakol South', '', '2021-08-23 12:24:21', '2021-08-23 12:24:21'),
(1129, 226, 'Chakol North', '', '2021-08-23 12:24:21', '2021-08-23 12:24:21'),
(1130, 226, 'Amukura West', '', '2021-08-23 12:24:21', '2021-08-23 12:24:21'),
(1131, 226, 'Amukura East', '', '2021-08-23 12:24:21', '2021-08-23 12:24:21'),
(1132, 226, 'Amukura Central', '', '2021-08-23 12:24:21', '2021-08-23 12:24:21'),
(1133, 227, 'Nambale Township', '', '2021-08-23 12:24:21', '2021-08-23 12:24:21'),
(1134, 227, 'Bukhayo North/waltsi', '', '2021-08-23 12:24:21', '2021-08-23 12:24:21'),
(1135, 227, 'Bukhayo East', '', '2021-08-23 12:24:21', '2021-08-23 12:24:21'),
(1136, 227, 'Bukhayo Central', '', '2021-08-23 12:24:21', '2021-08-23 12:24:21'),
(1137, 228, 'Bukhayo West', '', '2021-08-23 12:24:21', '2021-08-23 12:24:21'),
(1138, 228, 'Mayenje', '', '2021-08-23 12:24:21', '2021-08-23 12:24:21'),
(1139, 228, 'Matayos South', '', '2021-08-23 12:24:21', '2021-08-23 12:24:21'),
(1140, 228, 'Busibwabo', '', '2021-08-23 12:24:21', '2021-08-23 12:24:21'),
(1141, 228, 'Burumba', '', '2021-08-23 12:24:21', '2021-08-23 12:24:21'),
(1142, 229, 'Marachi West', '', '2021-08-23 12:24:21', '2021-08-23 12:24:21'),
(1143, 229, 'Kingandole', '', '2021-08-23 12:24:21', '2021-08-23 12:24:21'),
(1144, 229, 'Marachi Central', '', '2021-08-23 12:24:21', '2021-08-23 12:24:21'),
(1145, 229, 'Marachi East', '', '2021-08-23 12:24:21', '2021-08-23 12:24:21'),
(1146, 229, 'Marachi North', '', '2021-08-23 12:24:21', '2021-08-23 12:24:21'),
(1147, 229, 'Elugulu', '', '2021-08-23 12:24:21', '2021-08-23 12:24:21'),
(1148, 230, 'Namboboto Nambuku', '', '2021-08-23 12:24:21', '2021-08-23 12:24:21'),
(1149, 230, 'Nangina', '', '2021-08-23 12:24:21', '2021-08-23 12:24:21'),
(1150, 230, 'Ageng\'a Nanguba', '', '2021-08-23 12:24:21', '2021-08-23 12:24:21'),
(1151, 230, 'Bwiri', '', '2021-08-23 12:24:21', '2021-08-23 12:24:21'),
(1152, 231, 'Bunyala Central', '', '2021-08-23 12:24:21', '2021-08-23 12:24:21'),
(1153, 231, 'Bunyala North', '', '2021-08-23 12:24:21', '2021-08-23 12:24:21'),
(1154, 231, 'Bunyala West', '', '2021-08-23 12:24:21', '2021-08-23 12:24:21'),
(1155, 231, 'Bunyala South', '', '2021-08-23 12:24:21', '2021-08-23 12:24:21'),
(1156, 232, 'West Ugenya', '', '2021-08-23 12:24:21', '2021-08-23 12:24:21'),
(1157, 232, 'Ukwala', '', '2021-08-23 12:24:21', '2021-08-23 12:24:21'),
(1158, 232, 'North Ugenya', '', '2021-08-23 12:24:21', '2021-08-23 12:24:21'),
(1159, 232, 'East Ugenya', '', '2021-08-23 12:24:21', '2021-08-23 12:24:21'),
(1160, 233, 'Sidindi', '', '2021-08-23 12:24:21', '2021-08-23 12:24:21'),
(1161, 233, 'Sigomere', '', '2021-08-23 12:24:21', '2021-08-23 12:24:21'),
(1162, 233, 'Ugunja', '', '2021-08-23 12:24:21', '2021-08-23 12:24:21'),
(1163, 234, 'Usonga', '', '2021-08-23 12:24:21', '2021-08-23 12:24:21'),
(1164, 234, 'West Alego', '', '2021-08-23 12:24:21', '2021-08-23 12:24:21'),
(1165, 234, 'Central Alego', '', '2021-08-23 12:24:21', '2021-08-23 12:24:21'),
(1166, 234, 'Siaya Township', '', '2021-08-23 12:24:21', '2021-08-23 12:24:21'),
(1167, 234, 'North Alego', '', '2021-08-23 12:24:21', '2021-08-23 12:24:21'),
(1168, 234, 'South East Alego', '', '2021-08-23 12:24:21', '2021-08-23 12:24:21'),
(1169, 235, 'North Gem', '', '2021-08-23 12:24:21', '2021-08-23 12:24:21'),
(1170, 235, 'West Gem', '', '2021-08-23 12:24:21', '2021-08-23 12:24:21'),
(1171, 235, 'Central Gem', '', '2021-08-23 12:24:21', '2021-08-23 12:24:21'),
(1172, 235, 'Yala Township', '', '2021-08-23 12:24:21', '2021-08-23 12:24:21'),
(1173, 235, 'East Gem', '', '2021-08-23 12:24:21', '2021-08-23 12:24:21'),
(1174, 235, 'South Gem', '', '2021-08-23 12:24:21', '2021-08-23 12:24:21'),
(1175, 236, 'West Yimbo', '', '2021-08-23 12:24:21', '2021-08-23 12:24:21'),
(1176, 236, 'Central Sakwa', '', '2021-08-23 12:24:21', '2021-08-23 12:24:21'),
(1177, 236, 'South Sakwa', '', '2021-08-23 12:24:21', '2021-08-23 12:24:21'),
(1178, 236, 'Yimbo East', '', '2021-08-23 12:24:21', '2021-08-23 12:24:21'),
(1179, 236, 'West Sakwa', '', '2021-08-23 12:24:21', '2021-08-23 12:24:21'),
(1180, 236, 'North Sakwa', '', '2021-08-23 12:24:21', '2021-08-23 12:24:21'),
(1181, 237, 'East Asembo', '', '2021-08-23 12:24:21', '2021-08-23 12:24:21'),
(1182, 237, 'West Asembo', '', '2021-08-23 12:24:21', '2021-08-23 12:24:21'),
(1183, 237, 'North Uyoma', '', '2021-08-23 12:24:21', '2021-08-23 12:24:21'),
(1184, 237, 'South Uyoma', '', '2021-08-23 12:24:21', '2021-08-23 12:24:21'),
(1185, 237, 'West Uyoma', '', '2021-08-23 12:24:21', '2021-08-23 12:24:21'),
(1186, 238, 'Kajulu', '', '2021-08-23 12:24:21', '2021-08-23 12:24:21'),
(1187, 238, 'Kolwa East', '', '2021-08-23 12:24:21', '2021-08-23 12:24:21'),
(1188, 238, 'Manyatta \'b\'', '', '2021-08-23 12:24:21', '2021-08-23 12:24:21'),
(1189, 238, 'Nyalenda \'a\'', '', '2021-08-23 12:24:21', '2021-08-23 12:24:21'),
(1190, 238, 'Kolwa Central', '', '2021-08-23 12:24:21', '2021-08-23 12:24:21'),
(1191, 239, 'South West Kisumu', '', '2021-08-23 12:24:21', '2021-08-23 12:24:21'),
(1192, 239, 'Central Kisumu', '', '2021-08-23 12:24:21', '2021-08-23 12:24:21'),
(1193, 239, 'Kisumu North', '', '2021-08-23 12:24:21', '2021-08-23 12:24:21'),
(1194, 239, 'West Kisumu', '', '2021-08-23 12:24:21', '2021-08-23 12:24:21'),
(1195, 239, 'North West Kisumu', '', '2021-08-23 12:24:21', '2021-08-23 12:24:21'),
(1196, 240, 'Railways', '', '2021-08-23 12:24:21', '2021-08-23 12:24:21'),
(1197, 240, 'Migosi', '', '2021-08-23 12:24:21', '2021-08-23 12:24:21'),
(1198, 240, 'Shaurimoyo Kaloleni', '', '2021-08-23 12:24:21', '2021-08-23 12:24:21'),
(1199, 240, 'Market Milimani', '', '2021-08-23 12:24:21', '2021-08-23 12:24:21'),
(1200, 240, 'Kondele', '', '2021-08-23 12:24:21', '2021-08-23 12:24:21'),
(1201, 240, 'Nyalenda B', '', '2021-08-23 12:24:21', '2021-08-23 12:24:21'),
(1202, 241, 'West Seme', '', '2021-08-23 12:24:21', '2021-08-23 12:24:21'),
(1203, 241, 'Central Seme', '', '2021-08-23 12:24:21', '2021-08-23 12:24:21'),
(1204, 241, 'East Seme', '', '2021-08-23 12:24:21', '2021-08-23 12:24:21'),
(1205, 241, 'North Seme', '', '2021-08-23 12:24:21', '2021-08-23 12:24:21'),
(1206, 242, 'East Kano/wawidhi', '', '2021-08-23 12:24:21', '2021-08-23 12:24:21'),
(1207, 242, 'Awasi/onjiko', '', '2021-08-23 12:24:21', '2021-08-23 12:24:21'),
(1208, 242, 'Ahero', '', '2021-08-23 12:24:21', '2021-08-23 12:24:21'),
(1209, 242, 'Kabonyo/kanyagwal', '', '2021-08-23 12:24:21', '2021-08-23 12:24:21'),
(1210, 242, 'Kobura', '', '2021-08-23 12:24:21', '2021-08-23 12:24:21'),
(1211, 243, 'Miwani', '', '2021-08-23 12:24:21', '2021-08-23 12:24:21'),
(1212, 243, 'Ombeyi', '', '2021-08-23 12:24:21', '2021-08-23 12:24:21'),
(1213, 243, 'Masogo/nyang\'oma', '', '2021-08-23 12:24:21', '2021-08-23 12:24:21'),
(1214, 243, 'Chemelil', '', '2021-08-23 12:24:21', '2021-08-23 12:24:21'),
(1215, 243, 'Muhoroni/koru', '', '2021-08-23 12:24:21', '2021-08-23 12:24:21'),
(1216, 244, 'South West Nyakach', '', '2021-08-23 12:24:21', '2021-08-23 12:24:21'),
(1217, 244, 'North Nyakach', '', '2021-08-23 12:24:21', '2021-08-23 12:24:21'),
(1218, 244, 'Central Nyakach', '', '2021-08-23 12:24:21', '2021-08-23 12:24:21'),
(1219, 244, 'West Nyakach', '', '2021-08-23 12:24:21', '2021-08-23 12:24:21'),
(1220, 244, 'South East Nyakach', '', '2021-08-23 12:24:21', '2021-08-23 12:24:21'),
(1221, 245, 'West Kasipul', '', '2021-08-23 12:24:21', '2021-08-23 12:24:21'),
(1222, 245, 'South Kasipul', '', '2021-08-23 12:24:21', '2021-08-23 12:24:21'),
(1223, 245, 'Central Kasipul', '', '2021-08-23 12:24:21', '2021-08-23 12:24:21'),
(1224, 245, 'East Kamagak', '', '2021-08-23 12:24:21', '2021-08-23 12:24:21'),
(1225, 245, 'West Kamagak', '', '2021-08-23 12:24:21', '2021-08-23 12:24:21'),
(1226, 246, 'Kabondo East', '', '2021-08-23 12:24:21', '2021-08-23 12:24:21'),
(1227, 246, 'Kabondo West', '', '2021-08-23 12:24:21', '2021-08-23 12:24:21'),
(1228, 246, 'Kokwanyo/kakelo', '', '2021-08-23 12:24:21', '2021-08-23 12:24:21'),
(1229, 246, 'Kojwach', '', '2021-08-23 12:24:21', '2021-08-23 12:24:21'),
(1230, 247, 'West Karachuonyo', '', '2021-08-23 12:24:21', '2021-08-23 12:24:21'),
(1231, 247, 'North Karachuonyo', '', '2021-08-23 12:24:21', '2021-08-23 12:24:21'),
(1232, 247, 'Central', '', '2021-08-23 12:24:21', '2021-08-23 12:24:21'),
(1233, 247, 'Kanyaluo', '', '2021-08-23 12:24:21', '2021-08-23 12:24:21'),
(1234, 247, 'Kibiri', '', '2021-08-23 12:24:21', '2021-08-23 12:24:21'),
(1235, 247, 'Wangchieng', '', '2021-08-23 12:24:21', '2021-08-23 12:24:21'),
(1236, 247, 'Kendu Bay Town', '', '2021-08-23 12:24:21', '2021-08-23 12:24:21'),
(1237, 248, 'West Gem', '', '2021-08-23 12:24:21', '2021-08-23 12:24:21'),
(1238, 248, 'East Gem', '', '2021-08-23 12:24:21', '2021-08-23 12:24:21'),
(1239, 248, 'Kagan', '', '2021-08-23 12:24:21', '2021-08-23 12:24:21'),
(1240, 248, 'Kochia', '', '2021-08-23 12:24:21', '2021-08-23 12:24:21'),
(1241, 249, 'Homa Bay Central', '', '2021-08-23 12:24:21', '2021-08-23 12:24:21'),
(1242, 249, 'Homa Bay Arujo', '', '2021-08-23 12:24:21', '2021-08-23 12:24:21'),
(1243, 249, 'Homa Bay West', '', '2021-08-23 12:24:21', '2021-08-23 12:24:21'),
(1244, 249, 'Homa Bay East', '', '2021-08-23 12:24:21', '2021-08-23 12:24:21'),
(1245, 250, 'Kwabwai', '', '2021-08-23 12:24:21', '2021-08-23 12:24:21'),
(1246, 250, 'Kanyadoto', '', '2021-08-23 12:24:21', '2021-08-23 12:24:21'),
(1247, 250, 'Kanyikela', '', '2021-08-23 12:24:21', '2021-08-23 12:24:21'),
(1248, 250, 'North Kabuoch', '', '2021-08-23 12:24:21', '2021-08-23 12:24:21'),
(1249, 250, 'Kabuoch South/pala', '', '2021-08-23 12:24:21', '2021-08-23 12:24:21'),
(1250, 250, 'Kanyamwa Kologi', '', '2021-08-23 12:24:21', '2021-08-23 12:24:21'),
(1251, 250, 'Kanyamwa Kosewe', '', '2021-08-23 12:24:21', '2021-08-23 12:24:21'),
(1252, 251, 'Mfangano Island', '', '2021-08-23 12:24:21', '2021-08-23 12:24:21'),
(1253, 251, 'Rusinga Island', '', '2021-08-23 12:24:21', '2021-08-23 12:24:21'),
(1254, 251, 'Kasgunga', '', '2021-08-23 12:24:21', '2021-08-23 12:24:21'),
(1255, 251, 'Gembe', '', '2021-08-23 12:24:21', '2021-08-23 12:24:21'),
(1256, 251, 'Lambwe', '', '2021-08-23 12:24:21', '2021-08-23 12:24:21'),
(1257, 252, 'Gwassi South', '', '2021-08-23 12:24:22', '2021-08-23 12:24:22'),
(1258, 252, 'Gwassi North', '', '2021-08-23 12:24:22', '2021-08-23 12:24:22'),
(1259, 252, 'Kaksingri West', '', '2021-08-23 12:24:22', '2021-08-23 12:24:22'),
(1260, 252, 'Ruma Kaksingri East', '', '2021-08-23 12:24:22', '2021-08-23 12:24:22'),
(1261, 253, 'North Kamagambo', '', '2021-08-23 12:24:22', '2021-08-23 12:24:22'),
(1262, 253, 'Central Kamagambo', '', '2021-08-23 12:24:22', '2021-08-23 12:24:22'),
(1263, 253, 'East Kamagambo', '', '2021-08-23 12:24:22', '2021-08-23 12:24:22'),
(1264, 253, 'South Kamagambo', '', '2021-08-23 12:24:22', '2021-08-23 12:24:22'),
(1265, 254, 'North Sakwa', '', '2021-08-23 12:24:22', '2021-08-23 12:24:22'),
(1266, 254, 'South Sakwa', '', '2021-08-23 12:24:22', '2021-08-23 12:24:22'),
(1267, 254, 'West Sakwa', '', '2021-08-23 12:24:22', '2021-08-23 12:24:22'),
(1268, 254, 'Central Sakwa', '', '2021-08-23 12:24:22', '2021-08-23 12:24:22'),
(1269, 255, 'God Jope', '', '2021-08-23 12:24:22', '2021-08-23 12:24:22'),
(1270, 255, 'Suna Central', '', '2021-08-23 12:24:22', '2021-08-23 12:24:22'),
(1271, 255, 'Kakrao', '', '2021-08-23 12:24:22', '2021-08-23 12:24:22'),
(1272, 255, 'Kwa', '', '2021-08-23 12:24:22', '2021-08-23 12:24:22'),
(1273, 256, 'Wiga', '', '2021-08-23 12:24:22', '2021-08-23 12:24:22'),
(1274, 256, 'Wasweta Ii', '', '2021-08-23 12:24:22', '2021-08-23 12:24:22'),
(1275, 256, 'Ragana-oruba', '', '2021-08-23 12:24:22', '2021-08-23 12:24:22'),
(1276, 256, 'Wasimbete', '', '2021-08-23 12:24:22', '2021-08-23 12:24:22'),
(1277, 257, 'West Kanyamkago', '', '2021-08-23 12:24:22', '2021-08-23 12:24:22'),
(1278, 257, 'North Kanyamkago', '', '2021-08-23 12:24:22', '2021-08-23 12:24:22'),
(1279, 257, 'Central Kanyamkago', '', '2021-08-23 12:24:22', '2021-08-23 12:24:22'),
(1280, 257, 'South Kanyamkago', '', '2021-08-23 12:24:22', '2021-08-23 12:24:22'),
(1281, 257, 'East Kanyamkago', '', '2021-08-23 12:24:22', '2021-08-23 12:24:22'),
(1282, 258, 'Kachien\'g', '', '2021-08-23 12:24:22', '2021-08-23 12:24:22'),
(1283, 258, 'Kanyasa', '', '2021-08-23 12:24:22', '2021-08-23 12:24:22'),
(1284, 258, 'North Kadem', '', '2021-08-23 12:24:22', '2021-08-23 12:24:22'),
(1285, 258, 'Macalder/kanyarwanda', '', '2021-08-23 12:24:22', '2021-08-23 12:24:22'),
(1286, 258, 'Kaler', '', '2021-08-23 12:24:22', '2021-08-23 12:24:22'),
(1287, 258, 'Got Kachola', '', '2021-08-23 12:24:22', '2021-08-23 12:24:22'),
(1288, 258, 'Muhuru', '', '2021-08-23 12:24:22', '2021-08-23 12:24:22'),
(1289, 259, 'Bukira East', '', '2021-08-23 12:24:22', '2021-08-23 12:24:22'),
(1290, 259, 'Bukira Centrl/ikerege', '', '2021-08-23 12:24:22', '2021-08-23 12:24:22'),
(1291, 259, 'Isibania', '', '2021-08-23 12:24:22', '2021-08-23 12:24:22'),
(1292, 259, 'Makerero', '', '2021-08-23 12:24:22', '2021-08-23 12:24:22'),
(1293, 259, 'Masaba', '', '2021-08-23 12:24:22', '2021-08-23 12:24:22'),
(1294, 259, 'Tagare', '', '2021-08-23 12:24:22', '2021-08-23 12:24:22'),
(1295, 259, 'Nyamosense/komosoko', '', '2021-08-23 12:24:22', '2021-08-23 12:24:22'),
(1296, 260, 'Gokeharaka/getambwega', '', '2021-08-23 12:24:22', '2021-08-23 12:24:22'),
(1297, 260, 'Ntimaru West', '', '2021-08-23 12:24:22', '2021-08-23 12:24:22'),
(1298, 260, 'Ntimaru East', '', '2021-08-23 12:24:22', '2021-08-23 12:24:22'),
(1299, 260, 'Nyabasi East', '', '2021-08-23 12:24:22', '2021-08-23 12:24:22'),
(1300, 260, 'Nyabasi West', '', '2021-08-23 12:24:22', '2021-08-23 12:24:22'),
(1301, 261, 'Bomariba', '', '2021-08-23 12:24:22', '2021-08-23 12:24:22'),
(1302, 261, 'Bogiakumu', '', '2021-08-23 12:24:22', '2021-08-23 12:24:22'),
(1303, 261, 'Bomorenda', '', '2021-08-23 12:24:22', '2021-08-23 12:24:22'),
(1304, 261, 'Riana', '', '2021-08-23 12:24:22', '2021-08-23 12:24:22'),
(1305, 262, 'Tabaka', '', '2021-08-23 12:24:22', '2021-08-23 12:24:22'),
(1306, 262, 'Boikang\'a', '', '2021-08-23 12:24:22', '2021-08-23 12:24:22'),
(1307, 262, 'Bogetenga', '', '2021-08-23 12:24:22', '2021-08-23 12:24:22'),
(1308, 262, 'Borabu / Chitago', '', '2021-08-23 12:24:22', '2021-08-23 12:24:22'),
(1309, 262, 'Moticho', '', '2021-08-23 12:24:22', '2021-08-23 12:24:22'),
(1310, 262, 'Getenga', '', '2021-08-23 12:24:22', '2021-08-23 12:24:22'),
(1311, 263, 'Bombaba Borabu', '', '2021-08-23 12:24:22', '2021-08-23 12:24:22'),
(1312, 263, 'Boochi Borabu', '', '2021-08-23 12:24:22', '2021-08-23 12:24:22'),
(1313, 263, 'Bokimonge', '', '2021-08-23 12:24:22', '2021-08-23 12:24:22'),
(1314, 263, 'Magenche', '', '2021-08-23 12:24:22', '2021-08-23 12:24:22'),
(1315, 264, 'Masige West', '', '2021-08-23 12:24:22', '2021-08-23 12:24:22'),
(1316, 264, 'Masige East', '', '2021-08-23 12:24:22', '2021-08-23 12:24:22'),
(1317, 264, 'Bobasi Central', '', '2021-08-23 12:24:22', '2021-08-23 12:24:22'),
(1318, 264, 'Nyacheki', '', '2021-08-23 12:24:22', '2021-08-23 12:24:22'),
(1319, 264, 'Bobasi Bogetaorio', '', '2021-08-23 12:24:22', '2021-08-23 12:24:22'),
(1320, 264, 'Bobasi Chache', '', '2021-08-23 12:24:22', '2021-08-23 12:24:22'),
(1321, 264, 'Sameta/mokwerero', '', '2021-08-23 12:24:22', '2021-08-23 12:24:22'),
(1322, 264, 'Bobasi Boitangare', '', '2021-08-23 12:24:22', '2021-08-23 12:24:22'),
(1323, 265, 'Majoge', '', '2021-08-23 12:24:22', '2021-08-23 12:24:22'),
(1324, 265, 'Boochi/tendere', '', '2021-08-23 12:24:22', '2021-08-23 12:24:22'),
(1325, 265, 'Bosoti/sengera', '', '2021-08-23 12:24:22', '2021-08-23 12:24:22'),
(1326, 266, 'Ichuni', '', '2021-08-23 12:24:22', '2021-08-23 12:24:22'),
(1327, 266, 'Nyamasibi', '', '2021-08-23 12:24:22', '2021-08-23 12:24:22'),
(1328, 266, 'Masimba', '', '2021-08-23 12:24:22', '2021-08-23 12:24:22'),
(1329, 266, 'Gesusu', '', '2021-08-23 12:24:22', '2021-08-23 12:24:22'),
(1330, 266, 'Kiamokama', '', '2021-08-23 12:24:22', '2021-08-23 12:24:22'),
(1331, 267, 'Bobaracho', '', '2021-08-23 12:24:22', '2021-08-23 12:24:22'),
(1332, 267, 'Kisii Central', '', '2021-08-23 12:24:22', '2021-08-23 12:24:22'),
(1333, 267, 'Keumbu', '', '2021-08-23 12:24:22', '2021-08-23 12:24:22'),
(1334, 267, 'Kiogoro', '', '2021-08-23 12:24:22', '2021-08-23 12:24:22'),
(1335, 267, 'Birongo', '', '2021-08-23 12:24:22', '2021-08-23 12:24:22'),
(1336, 267, 'Ibeno', '', '2021-08-23 12:24:22', '2021-08-23 12:24:22'),
(1337, 268, 'Monyerero', '', '2021-08-23 12:24:22', '2021-08-23 12:24:22'),
(1338, 268, 'Sensi', '', '2021-08-23 12:24:22', '2021-08-23 12:24:22'),
(1339, 268, 'Marani', '', '2021-08-23 12:24:22', '2021-08-23 12:24:22'),
(1340, 268, 'Kegogi', '', '2021-08-23 12:24:22', '2021-08-23 12:24:22'),
(1341, 269, 'Bogusero', '', '2021-08-23 12:24:22', '2021-08-23 12:24:22'),
(1342, 269, 'Bogeka', '', '2021-08-23 12:24:22', '2021-08-23 12:24:22'),
(1343, 269, 'Nyakoe', '', '2021-08-23 12:24:22', '2021-08-23 12:24:22'),
(1344, 269, 'Kitutu   Central', '', '2021-08-23 12:24:22', '2021-08-23 12:24:22'),
(1345, 269, 'Nyatieko', '', '2021-08-23 12:24:22', '2021-08-23 12:24:22'),
(1346, 270, 'Rigoma', '', '2021-08-23 12:24:22', '2021-08-23 12:24:22'),
(1347, 270, 'Gachuba', '', '2021-08-23 12:24:22', '2021-08-23 12:24:22'),
(1348, 270, 'Kemera', '', '2021-08-23 12:24:22', '2021-08-23 12:24:22'),
(1349, 270, 'Magombo', '', '2021-08-23 12:24:22', '2021-08-23 12:24:22'),
(1350, 270, 'Manga', '', '2021-08-23 12:24:22', '2021-08-23 12:24:22'),
(1351, 270, 'Gesima', '', '2021-08-23 12:24:22', '2021-08-23 12:24:22'),
(1352, 271, 'Nyamaiya', '', '2021-08-23 12:24:22', '2021-08-23 12:24:22'),
(1353, 271, 'Bogichora', '', '2021-08-23 12:24:22', '2021-08-23 12:24:22'),
(1354, 271, 'Bosamaro', '', '2021-08-23 12:24:22', '2021-08-23 12:24:22'),
(1355, 271, 'Bonyamatuta', '', '2021-08-23 12:24:22', '2021-08-23 12:24:22'),
(1356, 271, 'Township', '', '2021-08-23 12:24:22', '2021-08-23 12:24:22'),
(1357, 272, 'Itibo', '', '2021-08-23 12:24:22', '2021-08-23 12:24:22'),
(1358, 272, 'Bomwagamo', '', '2021-08-23 12:24:22', '2021-08-23 12:24:22'),
(1359, 272, 'Bokeira', '', '2021-08-23 12:24:22', '2021-08-23 12:24:22'),
(1360, 272, 'Magwagwa', '', '2021-08-23 12:24:22', '2021-08-23 12:24:22'),
(1361, 272, 'Ekerenyo', '', '2021-08-23 12:24:22', '2021-08-23 12:24:22'),
(1362, 273, 'Mekenene', '', '2021-08-23 12:24:22', '2021-08-23 12:24:22'),
(1363, 273, 'Kiabonyoru', '', '2021-08-23 12:24:22', '2021-08-23 12:24:22'),
(1364, 273, 'Nyansiongo', '', '2021-08-23 12:24:22', '2021-08-23 12:24:22'),
(1365, 273, 'Esise', '', '2021-08-23 12:24:22', '2021-08-23 12:24:22'),
(1366, 274, 'Kitisuru', '', '2021-08-23 12:24:22', '2021-08-23 12:24:22'),
(1367, 274, 'Parklands/highridge', '', '2021-08-23 12:24:22', '2021-08-23 12:24:22'),
(1368, 274, 'Karura', '', '2021-08-23 12:24:22', '2021-08-23 12:24:22');
INSERT INTO `wards` (`id`, `constituency_id`, `name`, `alias`, `created_at`, `updated_at`) VALUES
(1369, 274, 'Kangemi', '', '2021-08-23 12:24:22', '2021-08-23 12:24:22'),
(1370, 274, 'Mountain View', '', '2021-08-23 12:24:22', '2021-08-23 12:24:22'),
(1371, 275, 'Kilimani', '', '2021-08-23 12:24:22', '2021-08-23 12:24:22'),
(1372, 275, 'Kawangware', '', '2021-08-23 12:24:22', '2021-08-23 12:24:22'),
(1373, 275, 'Gatina', '', '2021-08-23 12:24:22', '2021-08-23 12:24:22'),
(1374, 275, 'Kileleshwa', '', '2021-08-23 12:24:22', '2021-08-23 12:24:22'),
(1375, 275, 'Kabiro', '', '2021-08-23 12:24:22', '2021-08-23 12:24:22'),
(1376, 276, 'Mutuini', '', '2021-08-23 12:24:22', '2021-08-23 12:24:22'),
(1377, 276, 'Ngando', '', '2021-08-23 12:24:22', '2021-08-23 12:24:22'),
(1378, 276, 'Riruta', '', '2021-08-23 12:24:22', '2021-08-23 12:24:22'),
(1379, 276, 'Uthiru/ruthimitu', '', '2021-08-23 12:24:22', '2021-08-23 12:24:22'),
(1380, 276, 'Waithaka', '', '2021-08-23 12:24:22', '2021-08-23 12:24:22'),
(1381, 277, 'Karen', '', '2021-08-23 12:24:22', '2021-08-23 12:24:22'),
(1382, 277, 'Nairobi West', '', '2021-08-23 12:24:22', '2021-08-23 12:24:22'),
(1383, 277, 'Mugumo-ini', '', '2021-08-23 12:24:22', '2021-08-23 12:24:22'),
(1384, 277, 'South-c', '', '2021-08-23 12:24:22', '2021-08-23 12:24:22'),
(1385, 277, 'Nyayo Highrise', '', '2021-08-23 12:24:22', '2021-08-23 12:24:22'),
(1386, 278, 'Laini Saba', '', '2021-08-23 12:24:22', '2021-08-23 12:24:22'),
(1387, 278, 'Lindi', '', '2021-08-23 12:24:22', '2021-08-23 12:24:22'),
(1388, 278, 'Makina', '', '2021-08-23 12:24:22', '2021-08-23 12:24:22'),
(1389, 278, 'Woodley/kenyatta Golf', '', '2021-08-23 12:24:22', '2021-08-23 12:24:22'),
(1390, 278, 'Sarangombe', '', '2021-08-23 12:24:22', '2021-08-23 12:24:22'),
(1391, 279, 'Githurai', '', '2021-08-23 12:24:22', '2021-08-23 12:24:22'),
(1392, 279, 'Kahawa West', '', '2021-08-23 12:24:22', '2021-08-23 12:24:22'),
(1393, 279, 'Zimmerman', '', '2021-08-23 12:24:22', '2021-08-23 12:24:22'),
(1394, 279, 'Roysambu', '', '2021-08-23 12:24:22', '2021-08-23 12:24:22'),
(1395, 279, 'Kahawa', '', '2021-08-23 12:24:22', '2021-08-23 12:24:22'),
(1396, 280, 'Claycity', '', '2021-08-23 12:24:22', '2021-08-23 12:24:22'),
(1397, 280, 'Mwiki', '', '2021-08-23 12:24:22', '2021-08-23 12:24:22'),
(1398, 280, 'Kasarani', '', '2021-08-23 12:24:22', '2021-08-23 12:24:22'),
(1399, 280, 'Njiru', '', '2021-08-23 12:24:22', '2021-08-23 12:24:22'),
(1400, 280, 'Ruai', '', '2021-08-23 12:24:22', '2021-08-23 12:24:22'),
(1401, 281, 'Baba Dogo', '', '2021-08-23 12:24:22', '2021-08-23 12:24:22'),
(1402, 281, 'Utalii', '', '2021-08-23 12:24:22', '2021-08-23 12:24:22'),
(1403, 281, 'Mathare North', '', '2021-08-23 12:24:22', '2021-08-23 12:24:22'),
(1404, 281, 'Lucky Summer', '', '2021-08-23 12:24:22', '2021-08-23 12:24:22'),
(1405, 281, 'Korogocho', '', '2021-08-23 12:24:22', '2021-08-23 12:24:22'),
(1406, 282, 'Imara Daima', '', '2021-08-23 12:24:22', '2021-08-23 12:24:22'),
(1407, 282, 'Kwa Njenga', '', '2021-08-23 12:24:22', '2021-08-23 12:24:22'),
(1408, 282, 'Kwa Reuben', '', '2021-08-23 12:24:22', '2021-08-23 12:24:22'),
(1409, 282, 'Pipeline', '', '2021-08-23 12:24:22', '2021-08-23 12:24:22'),
(1410, 282, 'Kware', '', '2021-08-23 12:24:22', '2021-08-23 12:24:22'),
(1411, 283, 'Kariobangi North', '', '2021-08-23 12:24:22', '2021-08-23 12:24:22'),
(1412, 283, 'Dandora Area I', '', '2021-08-23 12:24:22', '2021-08-23 12:24:22'),
(1413, 283, 'Dandora Area Ii', '', '2021-08-23 12:24:22', '2021-08-23 12:24:22'),
(1414, 283, 'Dandora Area Iii', '', '2021-08-23 12:24:22', '2021-08-23 12:24:22'),
(1415, 283, 'Dandora Area Iv', '', '2021-08-23 12:24:22', '2021-08-23 12:24:22'),
(1416, 284, 'Kayole North', '', '2021-08-23 12:24:22', '2021-08-23 12:24:22'),
(1417, 284, 'Kayole Central', '', '2021-08-23 12:24:22', '2021-08-23 12:24:22'),
(1418, 284, 'Kayole South', '', '2021-08-23 12:24:22', '2021-08-23 12:24:22'),
(1419, 284, 'Komarock', '', '2021-08-23 12:24:22', '2021-08-23 12:24:22'),
(1420, 284, 'Matopeni', '', '2021-08-23 12:24:22', '2021-08-23 12:24:22'),
(1421, 285, 'Upper Savannah', '', '2021-08-23 12:24:22', '2021-08-23 12:24:22'),
(1422, 285, 'Lower Savannah', '', '2021-08-23 12:24:22', '2021-08-23 12:24:22'),
(1423, 285, 'Embakasi', '', '2021-08-23 12:24:22', '2021-08-23 12:24:22'),
(1424, 285, 'Utawala', '', '2021-08-23 12:24:22', '2021-08-23 12:24:22'),
(1425, 285, 'Mihango', '', '2021-08-23 12:24:22', '2021-08-23 12:24:22'),
(1426, 286, 'Umoja I', '', '2021-08-23 12:24:22', '2021-08-23 12:24:22'),
(1427, 286, 'Umoja Ii', '', '2021-08-23 12:24:22', '2021-08-23 12:24:22'),
(1428, 286, 'Mowlem', '', '2021-08-23 12:24:22', '2021-08-23 12:24:22'),
(1429, 286, 'Kariobangi South', '', '2021-08-23 12:24:22', '2021-08-23 12:24:22'),
(1430, 287, 'Makongeni', '', '2021-08-23 12:24:22', '2021-08-23 12:24:22'),
(1431, 287, 'Maringo/hamza', '', '2021-08-23 12:24:22', '2021-08-23 12:24:22'),
(1432, 287, 'Harambee', '', '2021-08-23 12:24:22', '2021-08-23 12:24:22'),
(1433, 287, 'Viwandani', '', '2021-08-23 12:24:22', '2021-08-23 12:24:22'),
(1434, 288, 'Pumwani', '', '2021-08-23 12:24:22', '2021-08-23 12:24:22'),
(1435, 288, 'Eastleigh North', '', '2021-08-23 12:24:22', '2021-08-23 12:24:22'),
(1436, 288, 'Eastleigh South', '', '2021-08-23 12:24:22', '2021-08-23 12:24:22'),
(1437, 288, 'Airbase', '', '2021-08-23 12:24:22', '2021-08-23 12:24:22'),
(1438, 288, 'California', '', '2021-08-23 12:24:22', '2021-08-23 12:24:22'),
(1439, 289, 'Nairobi Central', '', '2021-08-23 12:24:22', '2021-08-23 12:24:22'),
(1440, 289, 'Ngara', '', '2021-08-23 12:24:22', '2021-08-23 12:24:22'),
(1441, 289, 'Ziwani/kariokor', '', '2021-08-23 12:24:22', '2021-08-23 12:24:22'),
(1442, 289, 'Pangani', '', '2021-08-23 12:24:22', '2021-08-23 12:24:22'),
(1443, 289, 'Landimawe', '', '2021-08-23 12:24:22', '2021-08-23 12:24:22'),
(1444, 289, 'Nairobi South', '', '2021-08-23 12:24:22', '2021-08-23 12:24:22'),
(1445, 290, 'Hospital', '', '2021-08-23 12:24:22', '2021-08-23 12:24:22'),
(1446, 290, 'Mabatini', '', '2021-08-23 12:24:22', '2021-08-23 12:24:22'),
(1447, 290, 'Huruma', '', '2021-08-23 12:24:22', '2021-08-23 12:24:22'),
(1448, 290, 'Ngei', '', '2021-08-23 12:24:22', '2021-08-23 12:24:22'),
(1449, 290, 'Mlango Kubwa', '', '2021-08-23 12:24:22', '2021-08-23 12:24:22'),
(1450, 290, 'Kiamaiko', '', '2021-08-23 12:24:22', '2021-08-23 12:24:22');

--
-- Indexes for dumped tables
--

--
-- Indexes for table `constituencies`
--
ALTER TABLE `constituencies`
  ADD PRIMARY KEY (`id`);

--
-- Indexes for table `counties`
--
ALTER TABLE `counties`
  ADD PRIMARY KEY (`id`);

--
-- Indexes for table `wards`
--
ALTER TABLE `wards`
  ADD PRIMARY KEY (`id`),
  ADD KEY `wards_constituency_id_foreign` (`constituency_id`);

--
-- AUTO_INCREMENT for dumped tables
--

--
-- AUTO_INCREMENT for table `constituencies`
--
ALTER TABLE `constituencies`
  MODIFY `id` bigint(20) UNSIGNED NOT NULL AUTO_INCREMENT, AUTO_INCREMENT=291;

--
-- AUTO_INCREMENT for table `counties`
--
ALTER TABLE `counties`
  MODIFY `id` bigint(20) UNSIGNED NOT NULL AUTO_INCREMENT, AUTO_INCREMENT=48;

--
-- AUTO_INCREMENT for table `wards`
--
ALTER TABLE `wards`
  MODIFY `id` bigint(20) UNSIGNED NOT NULL AUTO_INCREMENT, AUTO_INCREMENT=1451;

--
-- Constraints for dumped tables
--

--
-- Constraints for table `wards`
--
ALTER TABLE `wards`
  ADD CONSTRAINT `wards_constituency_id_foreign` FOREIGN KEY (`constituency_id`) REFERENCES `constituencies` (`id`);
COMMIT;

/*!40101 SET CHARACTER_SET_CLIENT=@OLD_CHARACTER_SET_CLIENT */;
/*!40101 SET CHARACTER_SET_RESULTS=@OLD_CHARACTER_SET_RESULTS */;
/*!40101 SET COLLATION_CONNECTION=@OLD_COLLATION_CONNECTION */;
